,,,,,,Gamma,,,DNA_alpha ,,,,trad_alpha ,,,,both_alpha,,,,,,,,,,,,,,,,,,,,,,,,,,,,
study_ID,biome_1,biome_2,eDNA_origin,group_target,taxonomic_level,N_taxa_trad_only,N_taxa_eDNA_only,N_taxa_both,DNA_alpha_mean,DNA_alpha_mean_sd,DNA_alpha_min,DNA_alpha_max,trad_alpha_mean,trad_alpha_mean_sd,trad_alpha_min,trad_alpha_max,both_alpha_mean,both_alpha_mean_sd,both_alpha_min,both_alpha_max,N_sites,N_samples,year_trad_sampling_start,year_trad_sampling_end,year_eDNA_sampling_start,year_eDNA_sampling_end,trad_sampling_method,eDNA_filtering_pore_size,eDNA_filtering_volume,DNA_bulk_weight,region_sampled,lon,lat,marker,primer_forward,primer_reverse,sequencing_technology,N_reads_sequencer,N_reads_used,N_OTU,N_OTU_target_group,N_OTU_unspecific,clustering,refdb_coverage,comments
VASSELON_2017_ASS,freshwater,river,biofilm,diatoms,species,173,35,31,16,NA,6,41,25,NA,6,54,NA,NA,NA,NA,45,80,2014,2015,2014,2015,stone scraping,NA,NA,NA,Mayotte Island,45.1307427,-12.8096454,rbcL,Diat_rbcL_708F_1;Diat_rbcL_708F_2;Diat_rbcL_708F3,R3_1;R3_2,PGM Ion Torrent,6076529,456800,2754,1905,849,0.05,R-syst::diatom v3,
VASSELON_2017_ASS,freshwater,river,biofilm,diatoms,genus,22,3,36,NA,NA,NA,NA,NA,NA,NA,NA,NA,NA,NA,NA,45,80,2014,2015,2014,2015,stone scraping,NA,NA,NA,Mayotte Island,45.1307427,-12.8096454,rbcL,Diat_rbcL_708F_1;Diat_rbcL_708F_2;Diat_rbcL_708F3,R3_1;R3_2,PGM Ion Torrent,6076529,456800,2754,1713,1041,0.05,R-syst::diatom v3,
VASSELON_2017_ASS,freshwater,river,biofilm,diatoms,family,3,2,21,NA,NA,NA,NA,NA,NA,NA,NA,NA,NA,NA,NA,45,80,2014,2015,2014,2015,stone scraping,NA,NA,NA,Mayotte Island,45.1307427,-12.8096454,rbcL,Diat_rbcL_708F_1;Diat_rbcL_708F_2;Diat_rbcL_708F3,R3_1;R3_2,PGM Ion Torrent,6076529,456800,2754,983,1771,0.05,R-syst::diatom v3,
CILLEROS_2018_UNL,freshwater,river,water,fish,species,84,13,119,17.44,13.59,3,64,25.49,11.93,9,58,7.97,7.07,0,34,32,39,2010,2015,2014,2015,rotenone,1,50000,NA,French Guiana,-53.125782,3.933889,12S,Teleo_F,Teleo_R,Illumina MiSeq;Illumina HiSeq,17775665,8109492,148,132,16,0.02,Custom,"BLocking Primer, Alpha values calculated from DRYAD data"
JUHEL_2020_ACC,marine,coast,water,fish,species,1400,99,211,NA,NA,NA,NA,NA,NA,NA,NA,NA,NA,NA,NA,92,92,NA,NA,2017,2017,historical data,0.22,2000,NA,the south coast of the Bird's Head region of West Papua,132.5,-1.5,12S,Teleo_F,Teleo_R,Illumina HiSeq,299479007,181034672,14423,7389,7034,0,EMBL,
LOBO_2017_DNA,brackish,estuary,bulk,macroinvertebrates,species,8,33,20,34.5,10.34,29,50,10,1.15,9,11,6,1.41,5,8,4,20,2014,2014,2014,2014,core sampler,NA,NA,NA,Portugal ,-8.224454,39.399872,COI,LoboF1; ArF2,250R; LoboR1,Illumina MiSeq,NA,NA,NA,NA,NA,0.01,NCBI + generated,Ok alpha venn
FERNANDEZ_2018_EVA,freshwater,river,water,macroinvertebrates,family,6,0,13,7.8,2.1,5,10,5.7,2.07,2,8,3.33,1.21,3,6,6,24,2016,2016,2016,2016,kick net,0.2,4000,NA,Spain; Nalon river,-5.7277578,43.3252332,COI,mlCOIintF,jgHCO2198,Illumina MiSeq,923784,134109,NA,NA,NA,NA,NCBI,
FERNANDEZ_2018_EVA,freshwater,river,water,macroinvertebrates,family,11,0,8,4.5,1.22,3,6,5.7,2.07,2,8,2.33,1.5,0,4,6,24,2016,2016,2016,2016,kick net,0.2,4000,NA,Spain; Nalon river,-5.7277578,43.3252332,18S,Uni18SF,Uni18SR,Illumina MiSeq,598851,243748,NA,NA,NA,NA,NCBI,
ELBRECHT_2017_ASS,freshwater,river,bulk,macroinvertebrates,species,126,208,94,NA,NA,NA,NA,NA,NA,NA,NA,NA,NA,NA,NA,NA,18,NA,NA,NA,NA,kick net,NA,NA,NA,Finland,25.7481511,61.92411,COI,BF2,BR2,Illumina HiSeq,270750000,,750,573,NA,0.03,NCDI/BOLD,"DNA bulk, BF/BR and BF2/BF2 primers used but not reported seperately in results, fusion one step primers, HiSeq"
HAYAMI_2020_EFF,freshwater,lake,water,fish,species,6,5,28,22.50,2.12,21,24,23,4.24,20,26,18,5.66,14,22,2,298,1999,2015,2015,2016,gill net; cast net; fyke net,0.7,1000,NA,Japan,138.252924,36.204824,12S,Mifish-U,Mifish-U,Illumina MiSeq,10352349,6796116,NA,NA,NA,0,Global,"ASV, alpha, gamma & co calculated based on supp"
CAHILL_2018_ACO,marine,coast,bulk,macroinvertebrates,phylum,0,1,11,NA,NA,NA,NA,NA,NA,NA,NA,NA,NA,NA,NA,7,54,2013,2015,2013,2015,artificial substrate units,NA,NA,400,Europe,15.2551187,54.5259614,COI,mlCOIintF,jgHCO2198,Illumina MiSeq,NA,403958,1606,1364,242,0.03,BOLD,"Since they compared only phyla, I don't know if this paper is relevant"
AYLAGAS_2018_ADA,marine,coast,bulk,macroinvertebrates,mixed,232,41,20,9,NA,NA,NA,NA,NA,NA,NA,NA,NA,NA,NA,7,28,NA,NA,NA,NA,Van Veen grab; spade,NA,NA,,France; Bay of Biscay,-3.1632157,45.5570384,COI,mlCOIintF,dgHCO219,Illumina MiSeq,NA,1513227,NA,112,NA,NA,BOLD,data from previous sampling
AYLAGAS_2018_ADA,marine,estuary,bulk,macroinvertebrates,mixed,103,110,12,9,NA,NA,NA,NA,NA,NA,NA,NA,NA,NA,NA,11,44,NA,NA,NA,NA,Van Veen grab; spade,NA,NA,,France; Bay of Biscay,-3.1632157,45.5570384,COI,mlCOIintF,dgHCO219,Illumina MiSeq,NA,1513227,NA,112,NA,NA,BOLD,
NUNES_2019_ACO,brackish,estuary,sediment,diatoms,genus,13,10,13,NA,NA,NA,NA,NA,NA,NA,NA,NA,NA,NA,NA,2,2,2018,2018,2018,2018,core sampler,NA,NA,NA,South Africa:St Lucia Estuary,32.4141631,-28.3726019,rbcL,Diat_rbcL_708F_1;Diat_rbcL_708F_2;Diat_rbcL_708F_3,R3_1;R3_2,Illumina MiSeq,738150,121819,2783,956,1827,0.01,R-syst::diatom v7,unvegetated/genera
NUNES_2019_ACO,brackish,estuary,sediment,diatoms,genus,12,15,17,NA,NA,NA,NA,NA,NA,NA,NA,NA,NA,NA,NA,4,4,2018,2018,2018,2018,core sampler,NA,NA,NA,South Africa:St Lucia Estuary,32.4141631,-28.3726019,rbcL,Diat_rbcL_708F_1;Diat_rbcL_708F_2;Diat_rbcL_708F_3,R3_1;R3_2,Illumina MiSeq,738150,121819,2783,956,1827,0.01,R-syst::diatom v7,vegetated/genus
NUNES_2019_ACO,brackish,estuary,sediment,diatoms,species,41,34,9,NA,NA,NA,NA,NA,NA,NA,NA,NA,NA,NA,NA,2,2,2018,2018,2018,2018,core sampler,NA,NA,NA,South Africa:St Lucia Estuary,32.4141631,-28.3726019,rbcL,Diat_rbcL_708F_1;Diat_rbcL_708F_2;Diat_rbcL_708F_3,R3_1;R3_2,Illumina MiSeq,738150,121819,2783,401,2382,0.01,R-syst::diatom v7,unvegetated/species
NUNES_2019_ACO,brackish,estuary,sediment,diatoms,species,47,53,14,NA,NA,NA,NA,NA,NA,NA,NA,NA,NA,NA,NA,4,4,2018,2018,2018,2018,core sampler,NA,NA,NA,South Africa:St Lucia Estuary,32.4141631,-28.3726019,rbcL,Diat_rbcL_708F_1;Diat_rbcL_708F_2;Diat_rbcL_708F_3,R3_1;R3_2,Illumina MiSeq,738150,121819,2783,401,2382,0.01,R-syst::diatom v7,vegetated/species
NUNES_2019_ACO,brackish,estuary,biofilm,diatoms,genus,7,9,12,NA,NA,NA,NA,NA,NA,NA,NA,NA,NA,NA,NA,1,3,2018,2018,2018,2018,core sampler,NA,NA,NA,South Africa:St Lucia Estuary,32.4141631,-28.3726019,rbcL,Diat_rbcL_708F_1;Diat_rbcL_708F_2;Diat_rbcL_708F_3,R3_1;R3_2,Illumina MiSeq,738150,121819,2783,956,1827,0.01,R-syst::diatom v7,epiphytic/genus
NUNES_2019_ACO,brackish,estuary,biofilm,diatoms,species,20,35,7,NA,NA,NA,NA,NA,NA,NA,NA,NA,NA,NA,NA,1,3,2018,2018,2018,2018,core sampler,NA,NA,NA,South Africa:St Lucia Estuary,32.4141631,-28.3726019,rbcL,Diat_rbcL_708F_1;Diat_rbcL_708F_2;Diat_rbcL_708F_3,R3_1;R3_2,Illumina MiSeq,738150,121819,2783,401,2382,0.01,R-syst::diatom v7,epiphytic/species
UCHIDA_2020_AQU,freshwater,river,water,macroinvertebrates,family,13,40,12,19.33,3.54,14,26,14.33,3.3,8,18,7.5,1.38,6,10,6,6,2016,2016,2016,2016,surber net,0.7,1000,NA,Japan:Myiagi Prefecture:Hirose River & Natori River,140.7836368,38.2774893,COI,LCO1490,HCO2198,Illumina MiSeq,509773,29194,NA,NA,NA,0.03,NCBI,July
UCHIDA_2020_AQU,freshwater,river,water,macroinvertebrates,family,15,14,23,12.33,4.5,8,22,15.83,2.03,14,19,5,1.91,3,9,6,6,2016,2016,2016,2016,surber net,0.7,1000,NA,Japan:Myiagi Prefecture:Hirose River & Natori River,140.7836368,38.2774893,COI,LCO1490,HCO2198,Illumina MiSeq,754656,72642,NA,NA,NA,0.03,NCBI,November
SHAW_2016_COM,freshwater,river,sediment,fish,species,6,1,1,0.5,0.84,0,2,2.67,1.21,1,4,0.33,0.52,0,1,6,6,2013,2013,2013,2013,fyke net,0.45,2000,NA,South Australia:North Para River,138.8541578,-34.5500926,12S,12S vertebrate F (V5F),12S vertebrate R (V5R),PGM Ion Torrent,6945817,2095530,NA,NA,NA,0.03,NCBI,
SHAW_2016_COM,freshwater,river,sediment,fish,species,4,0,3,1,1,0,2,2.33,1.52,1,4,1,1,0,2,3,3,2013,2013,2013,2013,fyke net,0.45,2000,NA,South Australia:North Para River,138.8541578,-34.5500926,16S,16S fish-specific F,16S fish-specific R,PGM Ion Torrent,6945817,2095530,NA,NA,NA,0.03,NCBI,
SHAW_2016_COM,freshwater,river,water,fish,species,2,3,5,1.67,1.86,0,5,2.67,1.21,1,4,1,1.1,0,3,6,6,2013,2013,2013,2013,fyke net,0.45,2000,NA,South Australia:North Para River,138.8541578,-34.5500926,12S,12S vertebrate F (V5F),12S vertebrate R (V5R),PGM Ion Torrent,6945817,2095530,NA,NA,NA,0.03,NCBI,
SHAW_2016_COM,freshwater,river,water,fish,species,2,1,4,2,1,1,3,2.33,1.52,1,4,1.33,0.57,1,2,3,3,2013,2013,2013,2013,fyke net,0.45,2000,NA,South Australia:North Para River,138.8541578,-34.5500926,16S,16S fish-specific F,16S fish-specific R,PGM Ion Torrent,6945817,2095530,NA,NA,NA,0.03,NCBI,
SHAW_2016_COM,freshwater,river,water,fish,species,9,2,8,NA,NA,NA,NA,NA,NA,NA,NA,NA,NA,NA,NA,NA,9,2013,2013,2013,2014,fyke net,0.45,2000,NA,South Australia:Lower River Murray Wetlands,139.3725985,-35.0349286,16S,16S fish-specific F,16S fish-specific R,PGM Ion Torrent,NA,NA,NA,NA,NA,0.03,NCBI,
SHAW_2016_COM,freshwater,river,water,fish,species,4,0,13,NA,NA,NA,NA,NA,NA,NA,NA,NA,NA,NA,NA,NA,9,2013,2013,2013,2014,fyke net,0.45,2000,NA,South Australia:Lower River Murray Wetlands,139.3725985,-35.0349286,12S,12S vertebrate F (V5F),12S vertebrate R (V5R),PGM Ion Torrent,2173253,265698,NA,NA,NA,0.03,NCBI,
HARPER_2020_ASS,freshwater,pond,water,macroinvertebrates,species,72,126,19,NA,NA,NA,NA,NA,NA,NA,NA,NA,NA,NA,NA,NA,9,2013,2016,2017,2017,sweep net,0.45,2000,,UK,-3.435973,55.378051,COI,mICOIintF,jgHCO2198,Illumina MiSeq,11019530,813376,NA,NA,NA,NA,custom,reported standard methods at species
HARPER_2020_ASS,freshwater,pond,bulk,macroinvertebrates,species,36,76,55,NA,NA,NA,NA,NA,NA,NA,NA,NA,NA,NA,NA,NA,9,2013,2016,2017,2017,sweep net,NA,NA,,UK,-3.435973,55.378051,COI,mICOIintF,jgHCO2198,Illumina MiSeq,34473112,2906869,NA,NA,NA,NA,custom,reported standard methods at species
HARPER_2020_ASS,freshwater,pond,water,macroinvertebrates,family,15,67,23,NA,NA,NA,NA,NA,NA,NA,NA,NA,NA,NA,NA,NA,9,2013,2016,2017,2017,sweep net,0.45,2000,,UK,-3.435973,55.378051,COI,mICOIintF,jgHCO2198,Illumina MiSeq,11019530,813376,NA,NA,NA,NA,custom,reported standard methods at family
HARPER_2020_ASS,freshwater,pond,bulk,macroinvertebrates,family,3,20,34,NA,NA,NA,NA,NA,NA,NA,NA,NA,NA,NA,NA,NA,9,2013,2016,2017,2017,sweep net,NA,NA,,UK,-3.435973,55.378051,COI,mICOIintF,jgHCO2198,Illumina MiSeq,34473112,2906869,NA,NA,NA,NA,custom,reported standard methods at family
PONT_2018_ENV,freshwater,river,water,fish,species,NA,NA,NA,29.44,2.00,26,33,27.81,2.76,21,31,25.50,2.39,20,29,16,32,2006,2016,2016,2016,electrofishing,0.45,30000,NA,Rhone,-74.001314,40.7533176,12S,Teleo_F,Teleo_R,Illumina HiSeq,130206452,57290839,NA,NA,NA,0.02,custom,"10 year traditional data, 3-4 samplings a year "
MINEROVIC_2020_18S,freshwater,river,biofilm,diatoms,species,230,77,34,23.64,11.7,1,45,40.98,12.6,13,65,3.8,1.9,0,8,14,42,2017,2017,2017,2017,stone scraping,NA,NA,NA,northern New Jersey,-74.6032278,40.5682406,18S,Illumina_Euk_1391f forward primer,Illumina_Euk_br reverse primer,Illumina MiSeq,8049665,6995104,5866,343,5523,0,SILVA/NCBI,"DNA also targets other than diatoms, but comparison with morphlogy only with diatoms"
CAREW_2018_CAN,freshwater,river,bulk,macroinvertebrates,family,2,0,36,13.75,2.71,9,19,14.67,3.27,8,20,12.75,2.68,8,19,12,12,NA,NA,NA,NA,NA,NA,NA,NA,"Australia, Greater Melbourne Area",144.9630576,-37.8136276,COI,A/E; B/F; B/COIBrev,A/E; B/F; B/COIBrev,454 pyrosequencing,NA,NA,NA,NA,NA,NA,NCBI,
STEYAERT_2020_ADV,marine,estuary,sediment,macroinvertebrates,species,14,13,11,NA,NA,NA,NA,NA,NA,NA,NA,NA,NA,NA,NA,10,10,2017,2017,2017,2017,core sampler,NA,NA,NA,"Harwich International Port estuary, Essex, UK",1.2554988,51.9474267,COI,mlCOIintF,jgHCO2198,Illumina MiSeq,22146908,621170,1662,NA,NA,0,MIDORI-UNIQUE/NCBI,"midori-unique reveled 11 species, Blasting revelde  extra 8 -otu=ASV"
NAKAGAWA_2018_COM,freshwater,river,water,fish,species,6,2,36,8.08,5.38,1,23,9.98,5.90,1,25,5.0625,3.76,0,16,48,48,2001,2015,2014,2014,historical data,0.7,1000,NA,"Honshu Island, Japan",138.04,36.1699999,12S,Mifish-U/E,Mifish-U/E,Illumina MiSeq,1662988,1178682,NA,NA,NA,0.03,Mitofish,alpha only for sp with seq > 1000; traditional = historical data in 6km buffer around the eDNa site
PORT_2016_ASS,marine,coast,water,fish,mixed,1,18,11,NA,NA,NA,NA,NA,NA,NA,NA,NA,NA,NA,NA,12,36,2013,2013,2013,2013,visual survey,0.22,1000,NA,USA:California:Monterey Peninsula,-121.3541631,36.3136201,12S,Riaz_12SV5_1_F,Riaz_12SV5_1_R,Illumina MiSeq,17050588,3163287,NA,NA,NA,0.01,NCBI,comparisons are not at the same level
SERRANA_2019_COM,freshwater,river,bulk,macroinvertebrates,mixed,34,9,11,8.2,2.89,3,12,15.7,7.24,5,27,5.4,1.8,2,8,10,30,2012,2012,2012,2012,surber net,NA,NA,19-403,"Japan, Shikoku Island, Shigenobu River",132.8264618,33.7861425,COI,LCO1490,HCO2198,454 pyrosequencing,165508,81836,156,44,103,0.03,BOLD/GenBank,bulk mass : 19-403 mg (dry weight)
KIM_2019_COM,marine,coast,water,zooplankton,genus,NA,NA,NA,49.7,,,,18.9,,,,,,,,15,15,2018,2018,2018,2018,vertical net,0.45,1000,,Gwangynag Bay; South Korea,127.6958882,34.9406968,18S,18S v9 forward,18S v9 reverse,Illumina MiSeq,"6,151,975","5,428,200",552,NA,19%,0.03,NCBI—18S,pie chart with percentages
KIM_2019_COM,marine,coast,water,zooplankton,genus,NA,NA,NA,27.9,,,,19.6,,,,,,,,15,15,2018,2018,2018,2018,vertical net,0.45,1000,,Gwangynag Bay; South Korea,127.6958882,34.9406968,18S,18S v9 forward,18S v9 reverse,Illumina MiSeq,"6,151,975","5,428,200",552,NA,38%,0.03,NCBI—18S,pie chart with percentages
PUJARI_2019_DIV,marine,coast,water,phytoplankton,mixed,NA,NA,NA,312.16,34.39,254,388,19.33,4.02,11,26,NA,NA,NA,NA,12,12,2016,2016,2016,2016,rosette multi-sampler,0.22,2000-3000,NA,Bay of Bengal,87.5395855,13.531665,rbcL,rbcL F,rbcL R,Illumina MiSeq,"385,077","152,556",662,NA,NA,0.03,NCBI,"traditional species level, molecular OTU level"
STOECKLE_2017_AQU,marine,estuary,water,fish,species,85,51,38,NA,NA,NA,NA,NA,NA,NA,NA,NA,NA,NA,NA,2,76,1988,2015,2016,2016,NA,0.45,1000,NA,USA:New York:Lower Hudson River estuary,-73.974922,41.2978484,12S,M13-tailed 12S229F,M13-tailed 12S954R,Illumina MiSeq,NA,9189854,1985,NA,NA,0,custom/NCBI,
EVANS_2017_FIS,freshwater,pond,water,fish,species,0,6,10,6.29,1.94,2,9,NA,NA,NA,NA,NA,NA,NA,NA,30,31,2014,2014,2014,2014,metal minnow trap; fyke net; cast net; dip net,1.2,250,NA,"Michigan Army National Guard located near Battle Creek, Michigan, USA",-85.3086362,42.3343023,Cytb,L14735,H15149c,Illumina MiSeq,NA,21860,43,24,19,0.03,custom,
EVANS_2017_FIS,freshwater,pond,water,fish,species,0,1,10,3.065,1.29,1,5,NA,NA,NA,NA,NA,NA,NA,NA,30,31,2014,2014,2014,2014,metal minnow trap; fyke net; cast net; dip net,1.2,250,NA,"Michigan Army National Guard located near Battle Creek, Michigan, USA",-85.3086362,42.3343023,12S,Am12S forward,Am12S reverse,Illumina MiSeq,NA,27466,25,19,6,0.03,custom,
EVANS_2017_FIS,freshwater,pond,water,fish,species,0,5,10,3.097,1.51,1,7,NA,NA,NA,NA,NA,NA,NA,NA,30,31,2014,2014,2014,2014,metal minnow trap; fyke net; cast net; dip net,1.2,250,NA,"Michigan Army National Guard located near Battle Creek, Michigan, USA",-85.3086362,42.3343023,16S,Ac16S forward,Ac16S reverse,Illumina MiSeq,NA,14985,39,22,17,0.03,custom,
SUN_2019_DNA,freshwater,pond,bulk,macroinvertebrates,species,32,140,56,NA,NA,NA,NA,NA,NA,NA,NA,NA,NA,NA,NA,12,48,2013,2013,2013,2013,kick net; trap,NA,NA,10-20,Norway:Southern Norway,-123.6214865,48.9786959,COI,LCO1490;BF2,230_R;BR2,Illumina MiSeq,23600000,NA,NA,342,NA,0.03,NCBI;BOLD,
MCDEVITT_2019_ENV,freshwater,river,water,fish,species,0,2,16,12.3,1.15,11,13,5,2.64,3,8,5,2.64,3,8,3,3,2017,2018,2017,2018,electrofishing,0.45,250-400,NA,UK,-3.435973,55.378051,12S,MiFish,MiFish,Illumina MiSeq,"2,998,146","104,055",NA,NA,NA,0.2,GenBank,
MCDEVITT_2019_ENV,freshwater,river,sediment,fish,species,0,2,16,2,1,1,3,5,2.64,3,8,0,0,0,0,3,3,2017,2018,2017,2018,electrofishing,0.45,250-400,NA,UK,-3.435973,55.378051,12S,MiFish,MiFish,Illumina MiSeq,"2,998,146","104,055",NA,NA,NA,0.2,GenBank,
MARTINS_2019_HAV,freshwater,river,bulk,macroinvertebrates,species,5,12,36,22,4.8,15,26,15.8,5.8,11,25,12.4,4.3,8,17,5,5,2015,2015,2015,2015,kick net,NA,NA,NA,Portugal,-8.224454,39.399872,COI,"redesigned forward primer (MARTINS‐2019‐COI_Fw, 5 ́‐ GGNTGAACHGTHTAYCCHCC‐3 ́) from the Ill_C_R ",BR2,Illumina MiSeq,"12,286,134","5,357,483",NA,NA,NA,0.03,BLAST searches against NCBI AND private species database,BEAD method; they also compared different subsetting/Thresholds. I went for the complete dataset (table S6); Venn Diagram data for alpha level would be available
MARTINS_2019_HAV,freshwater,river,bulk,macroinvertebrates,species,4,11,37,23,4.2,20,30,15.8,5.8,11,25,12.6,4.16,9,19,5,5,2015,2015,2015,2015,kick net,NA,NA,NA,Portugal,-8.224454,39.399872,COI,"redesigned forward primer (MARTINS‐2019‐COI_Fw, 5 ́‐ GGNTGAACHGTHTAYCCHCC‐3 ́) from the Ill_C_R ",BR2,Illumina MiSeq,"12,286,134","5,357,483",NA,NA,NA,0.03,BLAST searches against NCBI AND private species database,TISSUE1 method; they also compared different subsetting/Thresholds. I went for the complete dataset (table S6); Venn Diagram data for alpha level would be available
MARTINS_2019_HAV,freshwater,river,bulk,macroinvertebrates,species,5,11,36,22,5.2,17,30,15.8,5.8,11,25,12.4,4.15,7,17,5,5,2015,2015,2015,2015,kick net,NA,NA,NA,Portugal,-8.224454,39.399872,COI,"redesigned forward primer (MARTINS‐2019‐COI_Fw, 5 ́‐ GGNTGAACHGTHTAYCCHCC‐3 ́) from the Ill_C_R ",BR2,Illumina MiSeq,"12,286,134","5,357,483",NA,NA,NA,0.03,BLAST searches against NCBI AND private species database,TISSUE2 method; they also compared different subsetting/Thresholds. I went for the complete dataset (table S6);  Venn Diagram data for alpha level would be available
MARTINS_2019_HAV,freshwater,river,bulk,macroinvertebrates,species,8,12,33,20,6.4,12,29,15.8,5.8,11,25,11.4,5.13,6,18,5,5,2015,2015,2015,2015,kick net,NA,NA,NA,Portugal,-8.224454,39.399872,COI,"redesigned forward primer (MARTINS‐2019‐COI_Fw, 5 ́‐ GGNTGAACHGTHTAYCCHCC‐3 ́) from the Ill_C_R ",BR2,Illumina MiSeq,"12,286,134","5,357,483",NA,NA,NA,0.03,BLAST searches against NCBI AND private species database,TISSUE3 method; they also compared different subsetting/Thresholds. I went for the complete dataset (table S6);  Venn Diagram data for alpha level would be available
MARTINS_2019_HAV,freshwater,river,bulk,macroinvertebrates,species,9,13,32,22,3.3,18,25,15.8,5.8,11,25,11.8,4.8,6,18,5,5,2015,2015,2015,2015,kick net,NA,NA,NA,Portugal,-8.224454,39.399872,COI,"redesigned forward primer (MARTINS‐2019‐COI_Fw, 5 ́‐ GGNTGAACHGTHTAYCCHCC‐3 ́) from the Ill_C_R ",BR2,Illumina MiSeq,"12,286,134","5,357,483",NA,NA,NA,0.03,BLAST searches against NCBI AND private species database,SOIL method; they also compared different subsetting/Thresholds. I went for the complete dataset (table S6);  Venn Diagram data for alpha level would be available
BAILET_2020_DIA,freshwater,river,biofilm,diatoms,species,11,75,43,NA,NA,NA,NA,NA,NA,NA,NA,NA,NA,NA,NA,29,29,NA,NA,NA,NA,stone scraping,NA,NA,NA,"Sweden, Finland, and Norway",24.973418,60.3135221,rbcL,at_rbcL_708F_1; Diat_rbcL_708F_2; Diat_rbcL_708F_3,R3_1; R3_2,Illumina MiSeq,7386592,6432769,13321,NA,NA,NA,EMBL,Mothur-FR only used
BAILET_2020_DIA,freshwater,river,biofilm,diatoms,species,16,69,38,NA,NA,NA,NA,NA,NA,NA,NA,NA,NA,NA,NA,29,29,NA,NA,NA,NA,stone scraping,NA,NA,NA,"Sweden, Finland, and Norway",24.973418,60.3135221,18S,DIV4for,DIV4rev,Illumina MiSeq,6279138,5709539,24707,NA,NA,NA,EMBL,Mothur-FR only used
RIVERA_2018_DNA,marine,coast,biofilm,diatoms,species,NA,NA,NA,19,NA,NA,NA,20,NA,15,24,NA,NA,NA,NA,7,7,2015,2015,2015,2015,shell scraping,NA,NA,NA,N'Gouja Bay:Mayotte Island,45.1354189,-12.9119599,rbcL,Diat_rbcL_708F_1;Diat_rbcL_708F_2;Diat_rbcL_708F3,R3_1;R3_2,PGM Ion Torrent,510922,209095,634,317,317,0.05,R-syst::diatom v4,turtles
KELLY_2017_GEN,marine,coast,water,macroinvertebrates,family,32,261,0,NA,NA,NA,NA,NA,NA,NA,NA,NA,NA,NA,NA,6,18,2014,2014,2014,2014,tow net,0.45,1000,NA,Puget Sound: Washington: USA,-122.4713352,47.7236535,18S,TAReuk454FWD1,TAReukREV3,Illumina MiSeq,NA,NA,865,391,NA,NA,Genbank,gamma level only: 3 marker regions in 1 paper
KELLY_2017_GEN,marine,coast,water,macroinvertebrates,family,27,94,5,NA,NA,NA,NA,NA,NA,NA,NA,NA,NA,NA,NA,6,18,2014,2014,2014,2014,tow net,0.45,1000,NA,Puget Sound: Washington: USA,-122.4713352,47.7236535,COI,miCO1intF,jgHCO12198,Illumina MiSeq,NA,NA,2059,425,NA,NA,Genbank,gamma level only: 3 marker regions in 1 paper
KELLY_2017_GEN,marine,coast,water,macroinvertebrates,family,26,48,6,NA,NA,NA,NA,NA,NA,NA,NA,NA,NA,NA,NA,6,18,2014,2014,2014,2014,tow net,0.45,1000,NA,Puget Sound: Washington: USA,-122.4713352,47.7236535,16S,16s_Metazoa_fwd,16s_Metazoa_rev,Illumina MiSeq,NA,NA,15208,13008,NA,NA,Genbank,gamma level only: 3 marker regions in 1 paper
DJURHUUS_2018_EVA,marine,coast,water,zooplankton,family,0,44,29,NA,NA,NA,NA,NA,NA,NA,NA,NA,NA,NA,NA,3,9,2016,2016,2016,2016,tow net,0.22,1000,NA,"Florida, USA",-81.5157535,27.6648274,COI,mlCOIintF,HCO2198,Illumina MiSeq,2979556,1126844,9907,NA,NA,NA,NA,
DJURHUUS_2018_EVA,marine,coast,water,zooplankton,family,0,64,37,NA,NA,NA,NA,NA,NA,NA,NA,NA,NA,NA,NA,3,9,2016,2016,2016,2016,tow net,0.22,1000,NA,"Florida, USA",-81.5157535,27.6648274,18S,1391F,EukBr,Illumina MiSeq,8649990,2073960,12639,NA,NA,NA,NA,
KERMARREC_2014_ANE,freshwater,river,biofilm,diatoms,species,NA,NA,NA,19,7.6,8,27,43,17.6,21,59,7.6,3.4,3,11,4,5,2012,2012,2012,2012,stone scraping,NA,NA,NA,France; Mayotte Island; La Réunion Island,45.2853092,-12.7855186,18S,1F,1528R,454 pyrosequencing,NA,771794,NA,NA,NA,NA,Genbank,
KERMARREC_2014_ANE,freshwater,river,biofilm,diatoms,species,NA,NA,NA,22,5,13,25,43,17.6,21,59,9.6,3.5,6,14,4,5,2012,2012,2012,2012,stone scraping,NA,NA,NA,France; Mayotte Island; La Réunion Island,45.2853092,-12.7855186,rbcL,DPrbcL1,DPrbcL7,454 pyrosequencing,NA,771794,NA,NA,NA,NA,Genbank,
KERMARREC_2014_ANE,freshwater,river,biofilm,diatoms,genus,NA,NA,NA,13.6,4.1,7,18,18.4,4.3,12,22,9,2.45,6,12,4,5,2012,2012,2012,2012,stone scraping,NA,NA,NA,France; Mayotte Island; La Réunion Island,45.2853092,-12.7855186,18S,1F,1528R,454 pyrosequencing,NA,771794,NA,NA,NA,NA,Genbank,
KERMARREC_2014_ANE,freshwater,river,biofilm,diatoms,genus,NA,NA,NA,13.2,3.3,8,17,18.4,4.3,12,22,9.4,2.5,7,13,4,5,2012,2012,2012,2012,stone scraping,NA,NA,NA,France; Mayotte Island; La Réunion Island,45.2853092,-12.7855186,rbcL,DPrbcL1,DPrbcL7,454 pyrosequencing,NA,771794,NA,NA,NA,NA,Genbank,
THOMSEN_2012_DET,marine,coast,water,fish,species,5,12,3,15,0,15,15,8,0,8,8,3,0,3,3,1,3,2009,2011,2011,2011,angling,0.45,1500,NA,North Sea:Denmark:The sound of Elsinore,3.515625,56.511018,Cytb,Fish2CBL;Fish2degCBL,Fish2CBR;Fish2bCBR,454 pyrosequencing,20315,NA,NA,NA,NA,NA,NCBI,No information on bioinformatics processing
THOMSEN_2012_DET,marine,coast,water,fish,species,15,7,8,15,0,15,15,23,0,23,23,8,0,8,8,1,3,2009,2011,2011,2011,seine net,0.45,1500,NA,North Sea:Denmark:The sound of Elsinore,3.515625,56.511018,Cytb,Fish2CBL;Fish2degCBL,Fish2CBR;Fish2bCBR,454 pyrosequencing,20315,NA,NA,NA,NA,NA,NCBI,No information on bioinformatics processing
THOMSEN_2012_DET,marine,coast,water,fish,species,5,11,4,15,0,15,15,9,0,9,9,4,0,4,4,1,3,2009,2011,2011,2011,fish pot,0.45,1500,NA,North Sea:Denmark:The sound of Elsinore,3.515625,56.511018,Cytb,Fish2CBL;Fish2degCBL,Fish2CBR;Fish2bCBR,454 pyrosequencing,20315,NA,NA,NA,NA,NA,NCBI,No information on bioinformatics processing
THOMSEN_2012_DET,marine,coast,water,fish,species,5,9,6,15,0,15,15,11,0,11,11,6,0,6,6,1,3,2009,2011,2011,2011,fyke net,0.45,1500,NA,North Sea:Denmark:The sound of Elsinore,3.515625,56.511018,Cytb,Fish2CBL;Fish2degCBL,Fish2CBR;Fish2bCBR,454 pyrosequencing,20315,NA,NA,NA,NA,NA,NCBI,No information on bioinformatics processing
THOMSEN_2012_DET,marine,coast,water,fish,species,9,8,7,15,0,15,15,16,0,16,16,7,0,7,7,1,3,2009,2011,2011,2011,gill net,0.45,1500,NA,North Sea:Denmark:The sound of Elsinore,3.515625,56.511018,Cytb,Fish2CBL;Fish2degCBL,Fish2CBR;Fish2bCBR,454 pyrosequencing,20315,NA,NA,NA,NA,NA,NCBI,No information on bioinformatics processing
THOMSEN_2012_DET,marine,coast,water,fish,species,7,11,4,15,0,15,15,11,0,11,11,4,0,4,4,1,3,2009,2011,2011,2011,push net,0.45,1500,NA,North Sea:Denmark:The sound of Elsinore,3.515625,56.511018,Cytb,Fish2CBL;Fish2degCBL,Fish2CBR;Fish2bCBR,454 pyrosequencing,20315,NA,NA,NA,NA,NA,NCBI,No information on bioinformatics processing
THOMSEN_2012_DET,marine,coast,water,fish,species,8,8,7,15,0,15,15,15,0,15,15,7,0,7,7,1,3,2009,2011,2011,2011,visual survey,0.45,1500,NA,North Sea:Denmark:The sound of Elsinore,3.515625,56.511018,Cytb,Fish2CBL;Fish2degCBL,Fish2CBR;Fish2bCBR,454 pyrosequencing,20315,NA,NA,NA,NA,NA,NCBI,No information on bioinformatics processing; snorkeling day
THOMSEN_2012_DET,marine,coast,water,fish,species,12,2,13,15,0,15,15,25,0,25,25,13,0,13,13,1,3,2009,2011,2011,2011,visual survey,0.45,1500,NA,North Sea:Denmark:The sound of Elsinore,3.515625,56.511018,Cytb,Fish2CBL;Fish2degCBL,Fish2CBR;Fish2bCBR,454 pyrosequencing,20315,NA,NA,NA,NA,NA,NCBI,No information on bioinformatics processing; snorkeling night
THOMSEN_2012_DET,marine,coast,water,fish,species,14,9,6,15,0,15,15,20,0,20,20,6,0,6,6,1,3,2009,2011,2011,2011,trawler,0.45,1500,NA,North Sea:Denmark:The sound of Elsinore,3.515625,56.511018,Cytb,Fish2CBL;Fish2degCBL,Fish2CBR;Fish2bCBR,454 pyrosequencing,20315,NA,NA,NA,NA,NA,NCBI,No information on bioinformatics processing
SERRANA_2018_ECO,freshwater,river,bulk,macroinvertebrates,family,8,12,16,14.43,2.4,10,17,10.06,2.16,7,12,NA,NA,NA,NA,7,16,2014,2014,2014,2014,kick net,NA,NA,NA,Grison:Switzerland,9.5780257,46.6569871,COI,LCO1490,HCO2198,Illumina MiSeq,11621728,1908508,1222,739,483,0.03,BOLD/Genbank,
KANG_2021_DIA,freshwater,lake,sediment,diatoms,genus,21,13,38,25.1,7.7,16,37,24.3,3.9,16,31,12.5,3.6,7,18,11,11,2018,2018,2018,2018,Ekman-Birge bottom sampler,NA,NA,NA,Central Tibetan Plateau:Lake Nam Co,90.6393702,30.6644393,rbcL,rbcL-646F,rbcL-998R,Illumina MiSeq,NA,NA,NA,1011,NA,0,Custom;NCBI,extraction with 10g of sediments
HANFLING_2016_ENV,freshwater,lake,water,fish,species,2,11,13,14.25,2.62,12,17,4.25,0.5,4,5,3.5,0.57,3,4,4,78,2015,2015,2015,2016,gill net,0.45,2000,NA,UK,-3.435973,55.378051,12S,Kelly 12SF,Kelly 12SR,Illumina MiSeq,4978672,2562176,NA,NA,NA,NA,Custom,
HANFLING_2016_ENV,freshwater,lake,water,fish,species,8,9,7,9.75,3.3,6,13,4.25,0.5,4,5,0.75,0.95,0,2,4,78,2015,2015,2015,2016,gill net,0.45,2000,NA,UK,-3.435973,55.378051,Cytb,CytB_L14841,CytB_15149R,Illumina MiSeq,3926602,3012230,NA,NA,NA,NA,Custom,
SAKATA_2020_DET,freshwater,river,water,fish,species,1,13,20,17.73,8.04,4,28,5,3.19,1,10,4.27,3.04,0,9,11,11,2015,2015,2017,2017,hand net; cast net,0.7,1000,NA,"Japan, Kanagawa prefecture",139.284143,35.4913535,12S,Mifish/U,Mifish/U,Illumina MiSeq,1107750,816807,NA,NA,NA,0,Global,
MCCLENAGHAN_2020_HAR,marine,pelagic,water,fish,species,4,8,6,14,NA,NA,NA,10,NA,NA,NA,NA,NA,NA,NA,1,1,2019,2019,2018,2019,baited hook; camera; Isaac Kidd midwater trawl,0.22,250-1500,NA,Labrador Sea:North America,-50.0951145,57.3516217,12S;18S;COI,12SV5:12Steleo:Mifish-U-F:Euk_1391F:CO1_F230:MinifishE:miCO1intF,12SV5:12Steleo:Mifish-U-R:Euk_Br:CO1_F230:MinifishE:jgHCO2198,Illumina NovaSeq,NA,NA,NA,NA,NA,0,WoRMS/EOL,combination of 7 primers for 3 regions; average read depth per sample but no sample number given
MCCLENAGHAN_2020_HAR,marine,pelagic,water,fish,genus,3,16,5,21,NA,NA,NA,8,NA,NA,NA,NA,NA,NA,NA,1,1,2019,2019,2018,2019,baited hook; camera; Isaac Kidd midwater trawl,0.22,250-1500,NA,Labrador Sea:North America,-50.0951145,57.3516217,12S;18S;COI,12SV5:12Steleo:Mifish-U-F:18SV9M:CO1_F230:MinifishE:miCO1intF,12SV5:12Steleo:Mifish-U-R:18SV9M:CO1_F230:MinifishE:jgHCO2198,Illumina NovaSeq,NA,NA,NA,NA,NA,0,WoRMS/EOL,combination of 7 primers for 3 regions; average read depth per sample bu tno sample number given
MCCLENAGHAN_2020_HAR,marine,pelagic,water,fish,family,0,10,6,16,NA,NA,NA,6,NA,NA,NA,NA,NA,NA,NA,1,1,2019,2019,2018,2019,baited hook; camera; Isaac Kidd midwater trawl,0.22,250-1500,NA,Labrador Sea:North America,-50.0951145,57.3516217,12S;18S;COI,12SV5:12Steleo:Mifish-U-F:18SV9M:CO1_F230:MinifishE:miCO1intF,12SV5:12Steleo:Mifish-U-R:18SV9M:CO1_F230:MinifishE:jgHCO2198,Illumina NovaSeq,NA,NA,NA,NA,NA,0,WoRMS/EOL,combination of 7 primers for 3 regions; average read depth per sample bu tno sample number given
VISCO_2015_ENV,freshwater,river,biofilm,diatoms,species,73,7,23,NA,NA,NA,NA,23,8.2,5,37,4.33,2.66,1,10,27,27,2013,2014,2013,2014,stone scraping,NA,NA,NA,"Geneva basin, Switzerland",6.1431577,46.2043907,18S,DIV4for,DIV4rev,Illumina MiSeq,2231811,1083728,345,144,201,NA,Genbank,
KANG_2021_DIA,freshwater,lake,sediment,diatoms,genus,22,13,37,22.7,7.1,11,33,24.3,3.9,16,31,11.7,3.9,7,18,11,11,2018,2018,2018,2018,Ekman-Birge bottom sampler,NA,NA,NA,Central Tibetan Plateau:Lake Nam Co,90.6393702,30.6644393,rbcL,rbcL-646F,rbcL-998R,Illumina MiSeq,NA,NA,NA,1018,NA,0,Custom;NCBI,extraction with 0.5g of sediments
KANG_2021_DIA,freshwater,lake,sediment,diatoms,genus,25,11,34,21.4,7,12,34,24.3,3.9,16,31,10.6,3,7,17,11,11,2018,2018,2018,2018,Ekman-Birge bottom sampler,NA,NA,NA,Central Tibetan Plateau:Lake Nam Co,90.6393702,30.6644393,rbcL,rbcL-646F,rbcL-998R,Illumina MiSeq,NA,NA,NA,306,NA,0.03,Custom;NCBI,extraction with 10g of sediments
KANG_2021_DIA,freshwater,lake,sediment,diatoms,genus,25,11,34,19.1,7.6,9,32,24.3,3.9,16,31,9.9,3.4,6,17,11,11,2018,2018,2018,2018,Ekman-Birge bottom sampler,NA,NA,NA,Central Tibetan Plateau:Lake Nam Co,90.6393702,30.6644393,rbcL,rbcL-646F,rbcL-998R,Illumina MiSeq,NA,NA,NA,318,NA,0.03,Custom;NCBI,extraction with 0.5g of sediments
KANG_2021_DIA,freshwater,lake,sediment,diatoms,genus,23,11,36,23.4,7.2,14,36,24.3,3.9,16,31,12.1,0.3,8,18,11,11,2018,2018,2018,2018,Ekman-Birge bottom sampler,NA,NA,NA,Central Tibetan Plateau:Lake Nam Co,90.6393702,30.6644393,rbcL,rbcL-646F,rbcL-998R,Illumina MiSeq,NA,NA,NA,297,NA,0.05,Custom;NCBI,extraction with 10g of sediments
KANG_2021_DIA,freshwater,lake,sediment,diatoms,genus,23,11,36,22.2,7,10,34,24.3,3.9,16,31,11.5,0.3,7,18,11,11,2018,2018,2018,2018,Ekman-Birge bottom sampler,NA,NA,NA,Central Tibetan Plateau:Lake Nam Co,90.6393702,30.6644393,rbcL,rbcL-646F,rbcL-998R,Illumina MiSeq,NA,NA,NA,307,NA,0.05,Custom;NCBI,extraction with 0.5g of sediments
EMILSON_2017_DNA,freshwater,river,water,macroinvertebrates,genus,32,61,46,13.65,7.14,4,34,11.3,5.61,2,24,4.96,3.41,1,15,23,23,2013,2013,2013,2013,kick net,NA,NA,NA,"Hearst Sustainable Forest License, Northeastern Ontario, Canada",-83.6669552,49.6880184,COI,B,E,Illumina MiSeq,9124153,5296344,1406,NA,NA,NA,GenBank,
KROL_2019_HOW,freshwater,pond,water,mosquitos,species,18,0,7,NA,NA,NA,NA,NA,NA,NA,NA,NA,NA,NA,NA,32,36,2017,2017,2017,2017,mosquito trap,0.22,750,NA,Kruger Nationalpark:South africa,31.5547402,-23.9883848,COI,BF1: eCulF,BR1:eCUL-R,PGM Ion Torrent,NA,NA,NA,34,NA,NA,Custom,
COWART_2015_MET,marine,coast,bulk,macroinvertebrates,species,302,0,20,NA,NA,NA,NA,64.83,14.26,43,85,NA,NA,NA,NA,6,18,2010,2011,2010,2011,core sampler,NA,NA,NA,"Brittany, France",-2.9326435,48.2020471,COI,F_dgLCO-1490,R_dgHCO-2198,454 pyrosequencing,NA,NA,NA,NA,NA,NA,NA,
COWART_2015_MET,marine,coast,bulk,macroinvertebrates,species,315,0,7,NA,NA,NA,NA,64.83,14.26,43,85,NA,NA,NA,NA,6,18,2010,2011,2010,2011,core sampler,NA,NA,NA,"Brittany, France",-2.9326435,48.2020471,18S,SSU_FO4,SSU_R22,454 pyrosequencing,NA,NA,NA,NA,NA,NA,NA,
FUJII_2019_ENV,freshwater,lake,water,fish,mixed,4,0,22,9.32,5.56,0,18,11.61,3.52,3,17,6.77,3.99,0,14,31,31,2016,2016,2016,2016,fishing; trap; gill net; cast net; dip net; drag net; electrofishing,0.7,1000,NA,"Japan, Hokkaido",142.8634737,43.2203266,12S,Mifish-U-F,Mifish-U-R,Illumina MiSeq,641056,NA,NA,NA,NA,0,NCBI,
NGUYEN_2020_ENV,marine,coast,water,fish,species,61,43,36,NA,NA,NA,NA,NA,NA,NA,NA,NA,NA,NA,NA,19,134,2017,2017,2017,2017,visual survey,0.45,3000,NA,Panama,-80.782127,8.537981,COI,mlCOIintF,jgHCO2198,Illumina MiSeq,"14,376,785","26,724","23,123",86,14342,0.03,Midori-Unique v20180221,"alpha could be extracted, but all in heatmaps"
HUANG_2020_GEN,freshwater,lake,sediment,diatoms,species,155,5,4,68.6,25.3,28,110,28.6,6.6,20,44,NA,NA,NA,NA,21,36,2016,2016,2016,2016,bottom sampler acc. to Lenz,NA,NA,NA,Russia:North-Eastern Siberia:Chukotka,171.6952159,65.6298355,rbcL,rbcL_noNameF,rbcL_noNameR,Illumina HiSeq,"23,628,911","15,092,046",5147,163,4984,0,EMBL,WARNING : Alpha diversity is taxa richness and not species richness
CLOSEK_2019_MAR,marine,coast,water,fish,species,7,23,9,14.6,2.42,12,18,5.8,2.31,3,9,1.8,1.166,0,3,5,15,2016,2016,2016,2016,trawler,0.22,1000,NA,Central Califronia: North America,-119.7889248,36.9915398,12S,Mifish-U-F,Mifish-U-R,Illumina MiSeq,41600000,NA,1396,36,NA,0.03,NCBI,only fish no mammal considered
CLOSEK_2019_MAR,marine,coast,water,fish,species,5,18,8,20,3.56,15,23,10.33,5.79,4,18,4.67,2.054,2,7,3,10,2017,2017,2017,2018,trawler,0.22,1000,NA,Central Califronia: North America,-119.7889248,36.9915398,12S,Mifish-U-F,Mifish-U-R,Illumina MiSeq,41600000,NA,1396,38,NA,0.03,NCBI,only fish no mammal considered
APOTHELOZ_2017_TAX,freshwater,river,biofilm,diatoms,species,241,15,28,NA,NA,NA,NA,NA,NA,5,72,NA,NA,NA,NA,87,87,2013,2015,2013,2015,stone scraping,NA,NA,NA,"Geneva and Neuchâtel cantons, Switzerland",6.93582,46.9965966,18S,DIV4for,DIV4rev,Illumina MiSeq,3816004,2206456,440,152,288,NA,GenBank and R-syst::diatom v5,
SNYDER_2020_INC,freshwater,river,water,fish,mixed,21,28,43,29.33,4.63,25,38,35.33,7.94,27,45,17.67,2.88,14,22,6,24,2016,2016,2016,2016,electrofishing,NA,NA,NA,"Ohio, Wabash river, Maumee River",-84.3093815,41.2969749,12S;Cytb,Mifish-U-F; FishCytb-F; CarpCytB-F;GobyCytB-F,Mifish-U-R; FishCytb-R; CarpCytB-R; GobyCytB-R,Illumina MiSeq,NA,NA,NA,NA,NA,NA,Custom,Combined several Assays
LEJZEROWICZ_2015_HIG,marine,coast,sediment,macroinvertebrates,species,100,6,8,NA,NA,NA,NA,NA,NA,NA,NA,NA,NA,NA,NA,10,50,NA,NA,NA,NA,Van Veen grab,NA,NA,NA,Isle of Lismore:Scotland:UK,-5.5263342,56.5005914,18S,TAReuk454FWD1,TAReukREV3,Illumina MiSeq,4500000,841766,163,NA,5,0.03,NCBI,
LEJZEROWICZ_2015_HIG,marine,coast,sediment,macroinvertebrates,genus,94,12,49,NA,NA,NA,NA,NA,NA,NA,NA,NA,NA,NA,NA,10,50,NA,NA,NA,NA,Van Veen grab,NA,NA,NA,Isle of Lismore:Scotland:UK,-5.5263342,56.5005914,18S,TAReuk454FWD1,TAReukREV3,Illumina MiSeq,4500000,841766,163,NA,11,0.03,NCBI,
LEJZEROWICZ_2015_HIG,marine,coast,sediment,macroinvertebrates,family,52,37,116,NA,NA,NA,NA,NA,NA,NA,NA,NA,NA,NA,NA,10,50,NA,NA,NA,NA,Van Veen grab,NA,NA,NA,Isle of Lismore:Scotland:UK,-5.5263342,56.5005914,18S,TAReuk454FWD1,TAReukREV3,Illumina MiSeq,4500000,841766,163,NA,6,0.03,NCBI,
LEJZEROWICZ_2015_HIG,marine,coast,sediment,macroinvertebrates,order,15,10,182,NA,NA,NA,NA,NA,NA,NA,NA,NA,NA,NA,NA,10,50,NA,NA,NA,NA,Van Veen grab,NA,NA,NA,Isle of Lismore:Scotland:UK,-5.5263342,56.5005914,18S,TAReuk454FWD1,TAReukREV3,Illumina MiSeq,4500000,841766,163,NA,1,0.03,NCBI,
LEJZEROWICZ_2015_HIG,marine,coast,sediment,macroinvertebrates,phylum,3,42,234,NA,NA,NA,NA,NA,NA,NA,NA,NA,NA,NA,NA,10,50,NA,NA,NA,NA,Van Veen grab,NA,NA,NA,Isle of Lismore:Scotland:UK,-5.5263342,56.5005914,18S,TAReuk454FWD1,TAReukREV3,Illumina MiSeq,4500000,841766,163,276,5,0.03,NCBI,
BYLEMANS_2018_MON,freshwater,river,water,fish,species,0,5,7,8.6,3.51,5,12,4.6,1.52,3,6,4,2,2,6,3,12,2008,2017,2016,2016,electrofishing,1.2,24000,NA,Australia ,133.775136,-25.274398,12S,MiFish,MiFish,Illumina MiSeq,NA,NA,NA,NA,NA,NA,vertebrate sequences from the EMBL data repository,
AZEVEDO_2020_MON,marine,estuary,bulk,macroinvertebrates,phylum,0,48,13,NA,NA,NA,NA,NA,NA,NA,NA,NA,NA,NA,NA,2,216,2016,2017,2016,2017,recruitment panel,NA,NA,20-250,North-East Atlantic:Portugal:Port of Leixões,-8.7030556,41.1827778,18S;COI;16S;23S,mlCOIintF;341F;TAReuk454FWD1;p23SrVF,dgHCO2198;785R;TAReukREV3;p23SrVR,Illumina MiSeq,9477308,4846062,49960,38308,11652,0.03,NCBI,No alpha diversity but temporal samples
ALSOS_2018_PLA,freshwater,lake,water,vascular plants,species,331,59,158,19.7,6.56,10,30,44.5,7.64,31,58,14.4,6.41,4,25,11,22,2012,2012,2012,2012,water binocular/rake,NA,NA,NA,Northern Norway,18.6939618,69.3281409,trnL,g,h,Illumina HiSeq,11236288,2500138,56,47,NA,NA,EMBL/NCBI,"two alpha diversity for traditional: category ""identifiable"", due to reference database"
APOTHELOZ_2020_MON,freshwater,river,biofilm,diatoms,species,224,69,91,30.46,10.33,12,64,25.6,9.9,8,56,11.09,4.89,3,24,112,112,2017,2017,2017,2017,stone scraping,NA,NA,NA,France; Switzerland,6.1177543,46.2383717,rbcL,Diat_rbcL_708F_1;Diat_rbcL_708F_2;Diat_rbcL_708F3,R3_1;R3_2,Illumina MiSeq,4119221,3045294,1525,938,587,0,Diat.barcode,Venn Diagram at alpha level could be calculated
APOTHELOZ_2020_MON,freshwater,river,biofilm,diatoms,species,255,56,60,23.2,9.38,2,48,25.6,9.9,8,56,5.77,2.93,0,13,112,112,2017,2017,2017,2017,stone scraping,NA,NA,NA,France; Switzerland,6.1177543,46.2383717,18S,DIV4for,DIV4rev,Illumina MiSeq,7539746,6568535,3752,1898,1854,0,Diat.barcode,Venn Diagram at alpha level could be calculated
FERNANDEZ_2019_HOW,freshwater,river,water,macroinvertebrates,family,13,18,26,16.7,6.2,6,24,14.7,3.95,6,17,5.7,3.3,2,10,7,7,NA,NA,NA,NA,surber net,0.2,3000,NA,Spain,-3.74922,40.463667,COI,mlCOIintF,jgHCO2198,PGM Ion Torrent,"2,650,693","330,988",841,465,376,0.1,NCBI,Venn Diagram at alpha level could be calculated
AYLAGAS_2016_BEN,marine,coast,sediment,macroinvertebrates,mixed,358,70,9,7.2,6.14,1,23,33.4,19,19,72,0.8,1.2,0,3,11,238,2013,2013,2013,2013,Van Veen grab,NA,NA,5,Basque Coast:Bay of Biscay,-3.1632157,45.5570384,COI,micOintF,dgHCO2198,Illumina MiSeq,16000000,8960000,NA,NA,NA,NA,customised,sediment and bulk DNA
AYLAGAS_2016_BEN,marine,coast,bulk,macroinvertebrates,mixed,160,144,207,31.9,17.7,18,54,33.4,19,19,72,18.8,9.5,11,41,11,238,2013,2013,2013,2013,Van Veen grab,NA,NA,NA,Basque Coast:Bay of Biscay,-3.1632157,45.5570384,COI,micOintF,dgHCO2198,Illumina MiSeq,16000000,8960000,NA,NA,NA,NA,customised,sediment and bulk DNA
OBST_2020_AMA,marine,coast,bulk,macroinvertebrates,species,0,105,25,61.5,0.7,61,62,13.5,4.9,10,17,4.5,2.1,3,6,2,8,2018,2019,2018,2019,ARMS,NA,NA,500,North Sea:Sweden:Koster and Mediterranean Sea:Greece:Crete,25.549522,35.32172,18S;COI;ITS,All18SF;mlCOIintF;ITS1F,All18SR;jgHCO2198;ITS1R,Illumina MiSeq,10314748,NA,NA,1277,NA,NA,SILVA;MIDORI,clustering with swarm
RIVERA_2018_MET,freshwater,lake,biofilm,diatoms,species,92,48,26,24,NA,9,47,30,NA,22,46,NA,NA,NA,NA,66,66,2015,2015,2015,2015,stone scraping,NA,NA,NA,"Lake Bourget, France",5.8695788,45.7296783,rbcL,Diat_rbcL_708F_1;Diat_rbcL_708F_2;Diat_rbcL_708F3,R3_1;R3_2,PGM Ion Torrent,NA,NA,2174,498,1531,0.05,R-Syst::diatom,
RIVERA_2018_MET,freshwater,lake,biofilm,diatoms,genus,12,14,29,NA,NA,NA,NA,NA,NA,NA,NA,NA,NA,NA,NA,66,66,2015,2015,2015,2015,stone scraping,NA,NA,NA,"Lake Bourget, France",5.8695788,45.7296783,rbcL,Diat_rbcL_708F_1;Diat_rbcL_708F_2;Diat_rbcL_708F3,R3_1;R3_2,PGM Ion Torrent,NA,NA,2174,498,1531,0.05,R-Syst::diatom,
SARD_2019_COM,freshwater,lake,water,fish,species,NA,NA,NA,23.5,4.96,18,33,20,5.21,10,28,17,4.41,10,26,8,373,2016,2016,2016,2016,electrofishing; net,0.45,1000,NA,"Michigan, USA",-85.6023643,44.3148443,12S,Riaz_12SV5_1_F,Riaz_12SV5_1_R,Illumina MiSeq,NA,79280,NA,NA,NA,0.01,Custom,N_reads used = combined means of all lakes; Gamma probably possible with data from dryad server
SARD_2019_COM,freshwater,lake,water,fish,species,NA,NA,NA,25.38,5.42,19,31,20,5.21,10,28,18,4.98,10,26,8,373,2016,2016,2016,2016,electrofishing; net,0.45,1000,NA,"Michigan, USA",-85.6023643,44.3148443,16S,Deagle_Primer Set B (modified),Deagle_Primer Set B (modified),Illumina MiSeq,NA,56495,NA,NA,NA,0.01,Custom,N_reads used = combined means of all lakes; Gamma probably possible with data from dryad server
BORRELL_2017_DNA,marine,coast,water,macroinvertebrates,genus,57,93,4,33.75,13.6,19,61,13.5,5.2,6,20,0.5,1.1,0,3,8,24,NA,NA,NA,NA,individual collection,0.2,3000,NA,North East Atlantic:Spain:Bay of Biscay,-3.1632157,45.5570384,18S;COI,18SMK_1F;mlCOIintF,18SMK_2RC;jgHCO2198,454 pyrosequencing,308857,210836,33435,NA,NA,0.03;0.02,SILVA;NCBI,clustering: 0.03 (18S); 0.02 (COI)
ZIMMERMANN_2015_MET,freshwater,river,biofilm,diatoms,genus,30,28,24,16.3,2.36,12,19,18.14,1.35,16,20,14.6,1.5,12,16,7,7,2011,2011,2011,2011,stone scraping,NA,NA,NA,"Lusatian Neisse/Odra river system, Germany",14.9579869,51.395434,18S,M13F-D512for,M13R-D978rev,454 pyrosequencing,NA,11411,862,NA,NA,0.02,Custom,
COLLINS_2019_NON,marine,estuary,water,fish,species,34,25,15,21.8,1.6,20,24,14,9.14,4,26,5,4.14,1,13,5,6,2016,2016,2016,2016,fish impingement; fyke net; seine net,0.22,2000,NA,"River Tees, County Durham: River Esk, North Yorkshire: River Test, Hampshire: Whitsand Bay, Devon: UK",-1.774725,54.548296,12S,Mifish-U-F,Mifish-U-R,Illumina MiSeq,3436278,1674351,156,NA,NA,0,NCBI:BOLD,
COLLINS_2019_NON,marine,estuary,water,fish,species,35,29,14,9.8,1.6,7,11,14,9.14,4,26,2.4,2.5,0,7,5,6,2016,2016,2016,2016,fish impingement; fyke net; seine net,0.22,2000,NA,"River Tees, County Durham: River Esk, North Yorkshire: River Test, Hampshire: Whitsand Bay, Devon: UK",-1.774725,54.548296,COI,seaDNA-short,seaDNA-short,Illumina MiSeq,8881088,30026,29,NA,NA,0,NCBI:BOLD,
COLLINS_2019_NON,marine,estuary,water,fish,species,36,10,13,6.8,2.13,4,10,14,9.14,4,26,2,1.8,0,5,5,6,2016,2016,2016,2016,fish impingement; fyke net; seine net,0.22,2000,NA,"River Tees, County Durham: River Esk, North Yorkshire: River Test, Hampshire: Whitsand Bay, Devon: UK",-1.774725,54.548296,COI,seaDNA-mid,seaDNA-mid,Illumina MiSeq,14291168,109486,NA,NA,NA,0,NCBI:BOLD,
COLLINS_2019_NON,marine,estuary,water,fish,species,40,13,9,4.8,2.4,2,9,14,9.14,4,26,1.8,2.2,0,6,5,6,2016,2016,2016,2016,fish impingement; fyke net; seine net,0.22,2000,NA,"River Tees, County Durham: River Esk, North Yorkshire: River Test, Hampshire: Whitsand Bay, Devon: UK",-1.774725,54.548296,COI,Leray-XT,Leray-XT,Illumina MiSeq,5967313,1368,22,NA,NA,0,,
AFZALI_2021_COM,marine,coast,water,fish,species,64,72,47,NA,NA,NA,NA,NA,NA,NA,NA,NA,NA,NA,NA,84,156,2017,2017,2017,2017,trawler,1.2,2000,NA,"Gulf of Lawrence, Canada",-69.75,48.133333,12S,MiFish,MiFish,Illumina MiSeq,18020351,14596484,NA,NA,NA,NA,BOLD,Asked authors for alpha information - will update
AGLIERI_2020_ENV,marine,coast,water,fish,species,82,28,49,NA,NA,NA,NA,NA,NA,NA,NA,NA,NA,NA,NA,22,66,2018,2018,2018,2018,visual survey; baited video; small scale fishery,0.45,4000,NA,Mediterranean,18.0480105,34.5531284,12S;COI,"Teleo2, Leray XT","Teleo2, Leray XT",Illumina MiSeq;Illumina HiSeq,"62,098,639","26,106,004",NA,NA,NA,NA,NCBI; BOLD,"alpha probably possible, but time consuming"
OKA_2021_ENV,marine,coast,water,fish,species,119,193,98,NA,NA,NA,NA,NA,NA,NA,NA,NA,NA,NA,NA,11,11,2015,2017,2019,2019,capture based,0.45,1000,NA,"Okinawa Island, Japan",126.7711774,26.3503959,12S,Mifish,Mifish,Illumina MiSeq,4452873,1266338,NA,NA,NA,0.02,NA,No alpha
OKA_2021_ENV,marine,coast,water,fish,genus,59,73,69,NA,NA,NA,NA,NA,NA,NA,NA,NA,NA,NA,NA,11,11,2015,2017,2019,2019,capture based,0.45,1000,NA,"Okinawa Island, Japan",126.7711774,26.3503959,12S,Mifish,Mifish,Illumina MiSeq,4452873,1266338,NA,NA,NA,0.02,NA,No alpha
OKA_2021_ENV,marine,coast,water,fish,family,13,14,35,NA,NA,NA,NA,NA,NA,NA,NA,NA,NA,NA,NA,11,11,2015,2017,2019,2019,capture based,0.45,1000,NA,"Okinawa Island, Japan",126.7711774,26.3503959,12S,Mifish,Mifish,Illumina MiSeq,4452873,1266338,NA,NA,NA,0.02,NA,No alpha
HUO_2020_COM,freshwater,lake,water,phytoplankton,genus,31,123,34,NA,NA,NA,NA,NA,NA,NA,NA,NA,NA,NA,NA,11,62,NA,NA,NA,NA,5L sampler,0.2,1500,NA,Eastern China,-95.4597819,37.6878999,18S,960F,NSR1438,Illumina HiSeq,4428102,2167635,524,346,178,0.03,GenBank,
BOIVIN‐DELISLE_2021_USI,freshwater,river,water,fish,species,0,10,20,13.47,1.8,10,16,4.24,1.48,2,8,4.05,1.29,3,7,17,17,2016,2016,2016,2016,gill net,1.2,2000,NA,"James Bay, Canada",-80.5456523,53.5368913,12S,MiFish,MiFish,Illumina MiSeq,11459443,8672220,NA,NA,NA,NA,mitofish 12S database,
GOUTTE_2020_MON,freshwater,river,water,fish,species,0,2,25,20.33,2.24,17,24,14.33,2.35,10,17,13.44,2.24,9,16,9,35,2017,2017,2017,2017,electrofishing,0.45,30000,NA,"Paris, France",2.3522219,48.856614,12S,Teleo F,Teleo R,Illumina HiSeq,NA,8072888,NA,NA,NA,0.02,Custom,
GOUTTE_2020_MON,freshwater,river,water,fish,species,2,4,25,19.78,2.44,16,23,14.11,3.3,9,19,12.89,3.06,8,17,9,35,2018,2018,2018,2018,electrofishing,0.45,30000,NA,"Paris, France",2.3522219,48.856614,12S,Teleo F,Teleo R,Illumina HiSeq,NA,8072888,NA,NA,NA,0.02,Custom,
SEMMOURI_2021_MET,marine,coast,bulk,zooplankton,mixed,15,73,6,22.7,7.8,9,41,11.3,1.4,9,14,NA,NA,NA,NA,3,12,2018,2019,2018,2019,vertical WP2 plankton net,NA,NA,NA,Belgian Part of the North Sea,3.515625,56.511018,18S,F-566,R-1200,Oxford Nanopore MinION,7805022,677842,NA,NA,NA,0,Genbank,
OLDS_2016_EST,freshwater,river,water,fish,species,0,3,12,13.75,0.83,13,15,8.5,0.5,8,9,8.25,0.43,8,9,4,8,2013,2013,2013,2013,electrofishing,1.2,250,NA,"Juday Creek, Northwestern Indiana, United States",-86.153936,41.721257,12S,Ac12s,Ac12s,Illumina MiSeq,NA,3320953,44,24,20,0.03,Genbank,
OLDS_2016_EST,freshwater,river,water,fish,species,0,4,12,14.75,0.83,14,16,8.5,0.5,8,9,8.25,0.43,8,9,4,8,2013,2013,2013,2013,electrofishing,1.2,250,NA,"Juday Creek, Northwestern Indiana, United States",-86.153936,41.721257,16S,Ac16s,Ac16s,Illumina MiSeq,NA,3320953,30,19,11,0.03,Genbank,
OLDS_2016_EST,freshwater,river,water,fish,species,0,3,12,13.25,1.09,12,15,8.5,0.5,8,9,8,0.71,7,9,4,8,2013,2013,2013,2013,electrofishing,1.2,250,NA,"Juday Creek, Northwestern Indiana, United States",-86.153936,41.721257,12S,Am12s,Am12s,Illumina MiSeq,NA,3320953,44,22,22,0.03,Genbank,
OLDS_2016_EST,freshwater,river,water,fish,species,4,3,7,7.5,0.5,7,8,8.5,0.5,8,9,4.25,0.43,4,5,4,8,2013,2013,2013,2013,electrofishing,1.2,250,NA,"Juday Creek, Northwestern Indiana, United States",-86.153936,41.721257,Cytb,L14735,H15149c,Illumina MiSeq,NA,3320953,18,15,3,0.03,Genbank,
ERDOZAIN_2019_MET,freshwater,river,bulk,macroinvertebrates,genus,65,33,219,17.33,3.31,12,25,20.6,17.5,14,26,NA,NA,NA,NA,15,45,2013,2013,2013,2013,electrofishing; drift net,NA,NA,NA,New Brunswick: Canada,-66.4619164,46.5653163,COI,BR5-f/LCO1490,ArR5/230R,Illumina MiSeq,"9,636,026",4112593,NA,NA,NA,0,CO1 Eukaryote tv2 training set (Wang et al. 2007),"ethanol extracted, results for reads (pink section) in supplementary"
ERDOZAIN_2019_MET,freshwater,river,bulk,macroinvertebrates,family,35,5,223,15.61,1.98,13,20,2.9,2.02,14,21,NA,NA,NA,NA,15,45,2013,2013,2013,2013,electrofishing; drift net,NA,NA,NA,New Brunswick: Canada,-66.4619164,46.5653163,COI,BR5-f/LCO1490,ArR5/230R,Illumina MiSeq,"9,636,026",4112593,NA,NA,NA,0,CO1 Eukaryote tv2 training set (Wang et al. 2007),"ethanol extracted, results for reads (pink section) in supplementary"
FERNANDEZ_2021_COM,marine,coast,water,fish,species,33,49,2,NA,NA,NA,NA,NA,NA,NA,NA,NA,NA,NA,NA,16,32,1999,2017,2018,2018,visual survey,0.22,30000,NA,Colombia,-74.297333,4.570868,12S,Chon01,Chon01,Illumina MiSeq,NA,3390325,NA,NA,NA,NA,NCBI,No alpha
FERNANDEZ_2021_COM,marine,coast,water,fish,species,15,34,20,NA,NA,NA,NA,NA,NA,NA,NA,NA,NA,NA,NA,16,32,1999,2017,2018,2018,visual survey,0.22,30000,NA,Colombia,-74.297333,4.570868,12S,teleo,teleo,Illumina MiSeq,NA,2259238,NA,NA,NA,NA,NCBI,No alpha
FERNANDEZ_2021_COM,marine,coast,water,fish,species,10,24,25,NA,NA,NA,NA,NA,NA,NA,NA,NA,NA,NA,NA,16,32,1999,2017,2018,2018,visual survey,0.22,30000,NA,Colombia,-74.297333,4.570868,12S,Vert01,Vert01,Illumina MiSeq,NA,6488558,NA,NA,NA,NA,NCBI,No alpha
BLEIJSWIJK_2020_ANA,marine,coast,water,fish,species,5,11,22,NA,NA,NA,NA,NA,NA,NA,NA,NA,NA,NA,NA,1,10,2015,2015,2015,2015,fyke net,0.2,30000,NA,"Marsdiep tidal inlet, Dutch North Sea",4.7425941,52.9727457,12S,F1nio,12S-R1,Illumina MiSeq,NA,NA,NA,NA,NA,NA,Custom,"No alpha, repeated samples over time rather than space"
RIVERA_2021_EXP,freshwater,river,biofilm,macroinvertebrates,family,49,3,8,4.5,1.4,2,7,18.8,6.4,4,29,1.6,0.5,1,2,19,19,2017,2017,2017,2017,surber net,NA,NA,NA,Mayotte Island,45.1307427,-12.8096454,COI,BF2,BR2,Illumina MiSeq,14919139,962220,5926,670,5256,0.03,BOLD,
HARVEY_2017_COM,marine,coast,bulk,zooplankton,mixed,33,12,73,NA,NA,NA,NA,NA,NA,NA,NA,NA,NA,NA,NA,3,10,2013,2013,2013,2013,plankton net tow,NA,NA,0.03,"Montery Bay, CA",-121.947311,36.8007413,COI,mlCOIintF,jgHCO2198,454 pyrosequencing,28143,25047,NA,NA,NA,0.03,NCBI,Total N reads calculated from percentages
HARVEY_2017_COM,marine,coast,bulk,zooplankton,mixed,35,11,72,NA,NA,NA,NA,NA,NA,NA,NA,NA,NA,NA,NA,3,10,2013,2013,2013,2013,plankton net tow,NA,NA,0.03,"Montery Bay, CA",-121.947311,36.8007413,28S,LSU26f,LSU657r,454 pyrosequencing,30515,29294,NA,NA,NA,0.03,NCBI,Total N reads calculated from percentages
BERGER_2020_FIN,marine,coast,water,fish,species,3,14,51,39.52,6.03,29,52,8.5,5.16,0,20,NA,NA,NA,NA,53,80,2001,2015,2017,2017,fyke net; seine net,1.2,250,NA,"Quebec, Canada",-71.2079809,46.8138783,12S,MiFish,MiFish,Illumina MiSeq,,9584834,,,,,"Mitofish, genbank, barcode of life databases",Rosie - still to work out alpha :)
VIVIEN_2019_TES,freshwater,river,sediment,oligochaetes,mixed,14,10,16,12.3,4.48,4,21,10.5,3.1,5,17,4.4,2.6,1,8,5,5,2015,2015,2015,2016,surber net,NA,NA,NA,"Geneva, Lucerne, Vaud, Bern: Switzerland",6.6173055,46.5367416,COI,mlCOIintF:LCO,jgHCO2198:HCO,Illumina MiSeq,NA,NA,NA,NA,NA,0.03,custom oligochaeta database; Genbank,"Read data deposited on SRA PRJNA548862,PRJNA278399,SRX957382-383, SRX957386-387"
VIVIEN_2019_TES,freshwater,river,bulk,oligochaetes,mixed,9,7,41,10.6,6.5,3,19,9.4,1,8,11,5.6,2.2,2,10,17,17,2015,2015,2015,2016,surber net,NA,NA,NA,"Geneva, Lucerne, Vaud, Bern: Switzerland",6.6173055,46.5367416,COI,mlCOIintF:LCO,jgHCO2198:HCO,Illumina MiSeq,NA,NA,NA,NA,NA,0.03,custom oligochaeta database; Genbank,"Read data deposited on SRA PRJNA548862,PRJNA278399,SRX957382-383, SRX957386-387"
KUNTKE_2020_STR,freshwater,river,bulk,macroinvertebrates,mixed,108,398,37,67,47,NA,NA,27,8,NA,NA,NA,NA,NA,NA,53,59,NA,NA,NA,NA,kick net,NA,NA,NA,Denmark,9.501785,56.26392,COI,mlCOIintF,HCO2198,Illumina MiSeq,1750431,NA,NA,NA,NA,0,Custom;NCBI,
VALENTINI_2016_NEX,freshwater,pond,water,amphibians,species,0,1,12,3.9,1.7,0,7,2.3,1.6,0,6,2.23,1.61,0,6,39,39,2012,2013,2012,2013,visual survey; calling; mesh hand net,NA,NA,NA,"Languedoc-Roussillon, France",3.2583626,43.5912356,12S,batra_F,batra_R,Illumina MiSeq,7483543,3304939,NA,NA,NA,0,Generated,
VALENTINI_2016_NEX,freshwater,pond,water,fish,species,0,1,3,2.5,1.3,1,4,1.75,0.5,1,2,1.75,0.5,1,2,4,4,2012,2012,2012,2012,fyke net,NA,NA,NA,France,2.213749,46.227638,12S,teleo_F,teleo_R,Illumina MiSeq,744190,373248,NA,NA,NA,0,Generated,
VALENTINI_2016_NEX,freshwater,ditch,water,fish,species,1,7,14,11.75,3.77,8,17,9.5,2.4,7,12,8.25,2.6,6,11,4,4,2013,2013,2013,2013,electrofishing,NA,NA,NA,Netherlands,5.291266,52.132633,12S,teleo_F,teleo_R,Illumina MiSeq,2242917,1658615,NA,NA,NA,0,Generated,
VALENTINI_2016_NEX,freshwater,lake,water,fish,species,1,1,12,NA,NA,NA,NA,NA,NA,NA,NA,NA,NA,NA,NA,1,3,2013,2013,2013,2013,gill net,1,60000,NA,France,2.213749,46.227638,12S,teleo_F,teleo_R,Illumina MiSeq,261159,208114,NA,NA,NA,0,Generated,
VALENTINI_2016_NEX,freshwater,river,water,fish,species,6,1,18,9.25,2.5,8,13,10.5,4.04,7,16,8,3.46,5,13,4,4,2013,2013,2013,2013,electrofishing,1,80000,NA,Netherlands,5.291266,52.132633,12S,teleo_F,teleo_R,Illumina MiSeq,1346690,948034,NA,NA,NA,0,Generated,
VALENTINI_2016_NEX,freshwater,river,water,fish,species,1,1,14,12,2.8,10,14,12,2.8,10,14,11,2.8,9,13,2,2,2014,2014,2014,2014,electrofishing,1,60000,NA,France,2.213749,46.227638,12S,teleo_F,teleo_R,Illumina MiSeq,102235,92360,NA,NA,NA,0,Generated,
VALENTINI_2016_NEX,freshwater,river,water,fish,species,0,10,16,17.7,1.5,16,19,11,2,9,13,9.3,1.5,8,11,3,14,2013,2013,2013,2013,electrofishing,1,60000,NA,France,2.213749,46.227638,12S,teleo_F,teleo_R,Illumina MiSeq,4266879,3894462,NA,NA,NA,0,Generated,
MORA_2019_MOR,freshwater,river,biofilm,diatoms,genus,14,6,29,NA,NA,NA,NA,NA,NA,NA,NA,NA,NA,NA,NA,9,18,2013,2014,2013,2014,stone scraping,NA,NA,NA,"Lerma-Chapala River Basin, Central Mexico",-100.8256716,20.0768522,18S,DIV4for,DIV4rev,Illumina MiSeq,2738628,43703,NA,2181,NA,NA,NCBI + Generated,OTU clustering 6bp
MORA_2019_MOR,freshwater,river,biofilm,diatoms,species,156,34,60,NA,NA,NA,NA,NA,NA,NA,NA,NA,NA,NA,NA,9,18,2013,2014,2013,2014,stone scraping,NA,NA,NA,"Lerma-Chapala River Basin, Central Mexico",-100.8256716,20.0768522,18S,DIV4for,DIV4rev,Illumina MiSeq,2738628,43703,NA,2181,NA,NA,NCBI + Generated,OTU clustering 6bp
DZHEMBEKOVA_2020_COM,marine,coast,sediment,phytoplankton,species,47,55,10,NA,NA,21,48,NA,NA,11,32,NA,NA,10,NA,13,39,2016,2016,2016,2016,core sampler; Van Veen grab,NA,NA,NA,Black Sea,34.299316,43.413029,18S,SSR- F1289-sn,SSR-R1772-sn,Illumina MiSeq,2485758,904816,2245,348,1897,NA,NCBI,"No information on alpha level, gamma only in supplements"
SCHROEDER_2020_DNA,marine,coast,bulk,zooplankton,family,3,5,13,NA,NA,NA,NA,NA,NA,NA,NA,NA,NA,NA,NA,6,24,2016,2017,2016,2017,Apstein plankton net,NA,NA,NA,Venice Lagoon: Northern Adriatic Sea: Italy,12.2750422,45.3367847,COI,mICOIintF,dgHCOI2198/jgHCOI2198,PGM Ion Torrent,4000000,1500000,258,224,34,0.03;0.06,Customised database,
SCHROEDER_2020_DNA,marine,coast,bulk,zooplankton,genus,5,7,16,NA,NA,NA,NA,NA,NA,NA,NA,NA,NA,NA,NA,6,24,2016,2017,2016,2017,Apstein plankton net,NA,NA,NA,Venice Lagoon: Northern Adriatic Sea: Italy,12.2750422,45.3367847,COI,mICOIintF,dgHCOI2198/jgHCOI2198,PGM Ion Torrent,4000000,1500000,258,224,34,0.03;0.06,Customised database,
SCHROEDER_2020_DNA,marine,coast,bulk,zooplankton,species,17,23,18,NA,NA,NA,NA,NA,NA,NA,NA,NA,NA,NA,NA,6,24,2016,2017,2016,2017,Apstein plankton net,NA,NA,NA,Venice Lagoon: Northern Adriatic Sea: Italy,12.2750422,45.3367847,COI,mICOIintF,dgHCOI2198/jgHCOI2198,PGM Ion Torrent,4000000,1500000,258,224,34,0.03;0.06,Customised database,
DOBLE_2020_TES,freshwater,lake,water,fish,species,17,63,46,22.04,11.8,3,48,35,5.3,24,43,11.3,6.2,1,26,21,51,2016,2017,2016,2017,visual survey,0.45,1500,NA,Lake Tanganyika,29.5107708,-6.2555679,12S;16S;CR,MiFish‐U_F; 12S‐V5_F; 16s_Teleo_F; Cichlid_CR_F,MiFish‐U_R; 12S‐V5_R; 16s_Teleo_R; Cichlid_CR_R,Illumina MiSeq,20100000,9100000,NA,NA,NA,NA,Custom,clustering with swarm
LEDUC_2019_COM,marine,coast,water,"fish, invertebrate & zooplankton",genus,193,138,49,63,7.2,49,75,27,10.8,8,58,NA,NA,NA,NA,13,13,2015,2016,2015,2016,trawler; core sampler; Van Veen grab; tow net,0.7,750,NA,"Canada, Churchill",-94.164964,58.7684112,COI;18S,mlCOIintF; LCO1490; F‐574; TAReukREV3,jgHCO2198; ill_C_R; R‐952; TAReukREV3,Illumina MiSeq,10553694,478046,2980,2682,298,NA,"BOLD and SILVA database, respectively",data from 2 COI and 2 18S primer pairs were all pooled and all organisms were analysed together
LEDUC_2019_COM,marine,coast,water,"fish, invertebrate & zooplankton",genus,292,145,64,70,14.4,45,93,78,32.5,30,142,NA,NA,NA,NA,13,13,2015,2016,2015,2016,trawler; core sampler; Van Veen grab; tow net,0.7,750,NA,"Canada, Deception Bay",-74.5833333,57.3333333,COI;18S,mlCOIintF; LCO1490; F‐574; TAReukREV3,jgHCO2198; ill_C_R; R‐952; TAReukREV3,Illumina MiSeq,5767153,95658,1702,1413,289,NA,"BOLD and SILVA database, respectively",data from 2 COI and 2 18S primer pairs were all pooled and all organisms were analysed together
LEDUC_2019_COM,marine,coast,water,"fish, invertebrate & zooplankton",genus,365,101,42,41,7.2,34,53,100,28.8,59,151,NA,NA,NA,NA,13,13,2015,2016,2015,2016,trawler; core sampler; Van Veen grab; tow net,0.7,750,NA,"Canada, Iqaluit",-68.5169669,63.746693,COI;18S,mlCOIintF; LCO1490; F‐574; TAReukREV3,jgHCO2198; ill_C_R; R‐952; TAReukREV3,Illumina MiSeq,7960264,203245,1288,1056,232,NA,"BOLD and SILVA database, respectively",data from 2 COI and 2 18S primer pairs were all pooled and all organisms were analysed together
MAECHLER_2019_ASS,freshwater,river,water,EPT,genus,13,8,34,10.22,4.15,1,22,10.47,3.1,2,17,5.5,2.26,0,10,61,183,2016,2016,2016,2016,kick net,0.7,250,NA,"Switzerland, Thur",9.302845,47.196828,COI,mlCOIintF,jgHCO2198,Illumina MiSeq,27354262,912015,11313,131,6036,0.01,NCBI; MIDORI,alpha level venn diagrams can be made
MARSHALL_2020_MAC,freshwater,river,water,macroinvertebrates,mixed,172,181,NA,20.33,NA,NA,NA,14.33,NA,NA,NA,NA,NA,NA,NA,15,15,2012,2012,2012,2012,dip net; artificial substrate units,NA,1000,NA,"USA, Ohio",-82.907123,40.4172871,16S,ILF_Cop16SF; EPP_2012_F; KLY_2017_F,ILR_Cop16SR; EPP_2012_F; KLY_2017_F,Illumina MiSeq,5282031,3283775,645,NA,NA,0.03,NCBI,"Copepod, Insect and Mollusc primers combined"
LEESE_2021_IMP,freshwater,river,bulk,macroinvertebrates,species,62,23,11,34,NA,NA,NA,NA,NA,NA,NA,NA,NA,NA,NA,1,10,2000,2019,2017,2018,kick net,0.45,3000,NA,Site 54: River Kinzig: Germany,8.0248573,48.4001687,COI,BF2,BR2,Illumina MiSeq,8160330,NA,2170,113,2059,0.03,BOLD,"comparison with longtermdata, for 1 site and then with whole network"
LEESE_2021_IMP,freshwater,river,bulk,macroinvertebrates,genus,51,23,10,33,NA,NA,NA,NA,NA,NA,NA,NA,NA,NA,NA,1,10,2000,2019,2017,2018,kick net,0.45,3000,NA,Site 54: River Kinzig: Germany,8.0248573,48.4001687,COI,BF2,BR2,Illumina MiSeq,8160330,NA,2170,113,2059,0.03,BOLD,"comparison with longtermdata, for 1 site and then with whole network"
LEESE_2021_IMP,freshwater,river,bulk,macroinvertebrates,family,83,7,14,21,NA,NA,NA,NA,NA,NA,NA,NA,NA,NA,NA,1,10,2000,2019,2017,2018,kick net,0.45,3000,NA,Site 54: River Kinzig: Germany,8.0248573,48.4001687,COI,BF2,BR2,Illumina MiSeq,8160330,NA,2170,113,2059,0.03,BOLD,"comparison with longtermdata, for 1 site and then with whole network"
LEESE_2021_IMP,freshwater,river,bulk,macroinvertebrates,species,47,99,26,125,NA,NA,NA,NA,NA,NA,NA,NA,NA,NA,NA,1,10,2000,2019,2017,2018,kick net,0.45,3000,NA,Site 54: River Kinzig: Germany,8.0248573,48.4001687,COI,FWh2,fwhR2n,Illumina MiSeq,8160330,NA,1334,185,1153,0.03,BOLD,"comparison with longtermdata, for 1 site and then with whole network"
LEESE_2021_IMP,freshwater,river,bulk,macroinvertebrates,genus,32,84,29,133,NA,NA,NA,NA,NA,NA,NA,NA,NA,NA,NA,1,10,2000,2019,2017,2018,kick net,0.45,3000,NA,Site 54: River Kinzig: Germany,8.0248573,48.4001687,COI,FWh2,fwhR2n,Illumina MiSeq,8160330,NA,1334,185,1153,0.03,BOLD,"comparison with longtermdata, for 1 site and then with whole network"
LEESE_2021_IMP,freshwater,river,bulk,macroinvertebrates,family,21,25,31,56,NA,NA,NA,NA,NA,NA,NA,NA,NA,NA,NA,1,10,2000,2019,2017,2018,kick net,0.45,3000,NA,Site 54: River Kinzig: Germany,8.0248573,48.4001687,COI,FWh2,fwhR2n,Illumina MiSeq,8160330,NA,1334,185,1153,0.03,BOLD,"comparison with longtermdata, for 1 site and then with whole network"
LEESE_2021_IMP,freshwater,river,bulk,macroinvertebrates,species,52,218,21,239,NA,NA,NA,NA,NA,NA,NA,NA,NA,NA,NA,1,10,2000,2019,2017,2018,kick net,0.45,3000,NA,Site 54: River Kinzig: Germany,8.0248573,48.4001687,COI,FWh2,EPTDr2n,Illumina MiSeq,8160330,NA,1163,305,858,0.03,BOLD,"comparison with longtermdata, for 1 site and then with whole network"
LEESE_2021_IMP,freshwater,river,bulk,macroinvertebrates,genus,33,142,28,170,NA,NA,NA,NA,NA,NA,NA,NA,NA,NA,NA,1,10,2000,2019,2017,2018,kick net,0.45,3000,NA,Site 54: River Kinzig: Germany,8.0248573,48.4001687,COI,FWh2,EPTDr2n,Illumina MiSeq,8160330,NA,1163,305,858,0.03,BOLD,"comparison with longtermdata, for 1 site and then with whole network"
LEESE_2021_IMP,freshwater,river,bulk,macroinvertebrates,family,22,24,30,54,NA,NA,NA,NA,NA,NA,NA,NA,NA,NA,NA,1,10,2000,2019,2017,2018,kick net,0.45,3000,NA,Site 54: River Kinzig: Germany,8.0248573,48.4001687,COI,FWh2,EPTDr2n,Illumina MiSeq,8160330,NA,1163,305,858,0.03,BOLD,"comparison with longtermdata, for 1 site and then with whole network"
LEESE_2021_IMP,freshwater,river,bulk,macroinvertebrates,species,59,87,14,NA,NA,NA,NA,NA,NA,NA,NA,NA,NA,NA,NA,10,10,2000,2019,2019,2019,kick net,0.45,1000,NA,River Kinzig Network: Germany,8.0248573,48.4001687,COI,BF2,BR2,Illumina MiSeq,8160330,NA,2170,113,2059,0.03,BOLD,"comparison with longtermdata, for 1 site and then with whole network"
LEESE_2021_IMP,freshwater,river,bulk,macroinvertebrates,genus,43,61,18,NA,NA,NA,NA,NA,NA,NA,NA,NA,NA,NA,NA,10,10,2000,2019,2019,2019,kick net,0.45,1000,NA,River Kinzig Network: Germany,8.0248573,48.4001687,COI,BF2,BR2,Illumina MiSeq,8160330,NA,2170,113,2059,0.03,BOLD,"comparison with longtermdata, for 1 site and then with whole network"
LEESE_2021_IMP,freshwater,river,bulk,macroinvertebrates,family,33,9,19,NA,NA,NA,NA,NA,NA,NA,NA,NA,NA,NA,NA,10,10,2000,2019,2019,2019,kick net,0.45,1000,NA,River Kinzig Network: Germany,8.0248573,48.4001687,COI,BF2,BR2,Illumina MiSeq,8160330,NA,2170,113,2059,0.03,BOLD,"comparison with longtermdata, for 1 site and then with whole network"
LEESE_2021_IMP,freshwater,river,bulk,macroinvertebrates,species,52,105,21,NA,NA,NA,NA,NA,NA,NA,NA,NA,NA,NA,NA,10,10,2000,2019,2019,2019,kick net,0.45,1000,NA,River Kinzig Network: Germany,8.0248573,48.4001687,COI,FWh2,fwhR2n,Illumina MiSeq,8160330,NA,1334,185,1153,0.03,BOLD,"comparison with longtermdata, for 1 site and then with whole network"
LEESE_2021_IMP,freshwater,river,bulk,macroinvertebrates,genus,34,74,27,NA,NA,NA,NA,NA,NA,NA,NA,NA,NA,NA,NA,10,10,2000,2019,2019,2019,kick net,0.45,1000,NA,River Kinzig Network: Germany,8.0248573,48.4001687,COI,FWh2,fwhR2n,Illumina MiSeq,8160330,NA,1334,185,1153,0.03,BOLD,"comparison with longtermdata, for 1 site and then with whole network"
LEESE_2021_IMP,freshwater,river,bulk,macroinvertebrates,family,21,14,31,NA,NA,NA,NA,NA,NA,NA,NA,NA,NA,NA,NA,10,10,2000,2019,2019,2019,kick net,0.45,1000,NA,River Kinzig Network: Germany,8.0248573,48.4001687,COI,FWh2,fwhR2n,Illumina MiSeq,8160330,NA,1334,185,1153,0.03,BOLD,"comparison with longtermdata, for 1 site and then with whole network"
LEESE_2021_IMP,freshwater,river,bulk,macroinvertebrates,species,57,204,16,NA,NA,NA,NA,NA,NA,NA,NA,NA,NA,NA,NA,10,10,2000,2019,2019,2019,kick net,0.45,1000,NA,River Kinzig Network: Germany,8.0248573,48.4001687,COI,FWh2,EPTDr2n,Illumina MiSeq,8160330,NA,1163,305,858,0.03,BOLD,"comparison with longtermdata, for 1 site and then with whole network"
LEESE_2021_IMP,freshwater,river,bulk,macroinvertebrates,genus,35,127,26,NA,NA,NA,NA,NA,NA,NA,NA,NA,NA,NA,NA,10,10,2000,2019,2019,2019,kick net,0.45,1000,NA,River Kinzig Network: Germany,8.0248573,48.4001687,COI,FWh2,EPTDr2n,Illumina MiSeq,8160330,NA,1163,305,858,0.03,BOLD,"comparison with longtermdata, for 1 site and then with whole network"
LEESE_2021_IMP,freshwater,river,bulk,macroinvertebrates,family,22,25,30,NA,NA,NA,NA,NA,NA,NA,NA,NA,NA,NA,NA,10,10,2000,2019,2019,2019,kick net,0.45,1000,NA,River Kinzig Network: Germany,8.0248573,48.4001687,COI,FWh2,EPTDr2n,Illumina MiSeq,8160330,NA,1163,305,858,0.03,BOLD,"comparison with longtermdata, for 1 site and then with whole network"
NICHOLS_2019_RAP,marine,coast,water,corals,genus,0,0,5,4.5,0.6,4,5,3,1.15,2,4,3,1.15,2,4,4,16,2017,2017,2017,2017,visual survey,0.22,2000,NA,"O'ahu, Hawai'i",-158.0000565,21.4389123,16S,HICOR16S_F1,HICOR16S_R1,Illumina MiSeq,1249272,327092,NA,NA,NA,0,Midori,
NICHOLS_2019_RAP,marine,coast,water,corals,genus,2,0,3,3,0,3,3,3,1.15,2,4,2.5,0.58,2,3,4,16,2017,2017,2017,2017,visual survey,0.22,2000,NA,"O'ahu, Hawai'i",-158.0000565,21.4389123,COI,HICORCOX_F1,HICORCOX_R1,Illumina MiSeq,887106,75750,NA,NA,NA,0,Midori,
ABAD_2016_ISM,brackish,estuary,water,plankton,species,22,23,19,NA,NA,NA,NA,NA,NA,NA,NA,NA,NA,NA,NA,1,8,2013,2013,2013,2013,Niskin bottle,0.22,1000,NA,Bilbao Estuary,-2.9485689,43.1477605,18S,1391f,EukBr,Illumina MiSeq,NA,NA,2318,NA,NA,0.01,Silva + Generated,Only taxa >1% in at least 1 sample
ABAD_2016_ISM,brackish,estuary,water,plankton,genus,22,16,22,NA,NA,NA,NA,NA,NA,NA,NA,NA,NA,NA,NA,1,8,2013,2013,2013,2013,Niskin bottle,0.22,1000,NA,Bilbao Estuary,-2.9485689,43.1477605,18S,1391f,EukBr,Illumina MiSeq,NA,NA,2318,NA,NA,0.01,Silva + Generated,Only taxa >1% in at least 1 sample
DEAGLE_2018_GEN,marine,open water,bulk,metazoan,mixed,NA,NA,NA,18.04,8.74,2,33,10,4.51,3,21,NA,NA,NA,NA,2,53,2013,2013,2013,2013,tow net,NA,NA,50,Tasmania,145.9706647,-41.4545196,COI,Leray,Leray,Illumina MiSeq,2000000,NA,1453,NA,NA,0.03,NCBI,Added mouse DNA as reference for sequencing bias
MOHRBECK_2015_HIG,marine,coast,bulk,zooplankton,mixed,20,24,11,NA,NA,NA,NA,NA,NA,NA,NA,NA,NA,NA,NA,1,2,2010,2010,2010,2010,NA,NA,NA,NA,"Helgoland site, North Sea",7.8827444,54.1833116,18S,SSU_FO4,SSU_R22,454 pyrosequencing,102569,NA,NA,NA,NA,0.01,Generated,
HIRAI_2015_EFF,marine,coast,bulk,zooplankton,mixed,5,10,12,NA,NA,NA,NA,NA,NA,NA,NA,NA,NA,NA,NA,1,12,2012,2012,2012,2012,Kitahara net,NA,NA,NA,"Mombetsu, Hokkaido, Japan",143.3543524,44.3564386,18S,18S-F1289,18S-R1772,454 pyrosequencing,466278,56470,NA,146,NA,0.03,NCBI,
HIRAI_2015_EFF,marine,coast,bulk,zooplankton,mixed,3,6,16,NA,NA,NA,NA,NA,NA,NA,NA,NA,NA,NA,NA,1,12,2012,2012,2012,2012,Norpac net,NA,NA,NA,"Mombetsu, Hokkaido, Japan",143.3543524,44.3564386,18S,18S-F1289,18S-R1772,454 pyrosequencing,522540,263325,NA,151,NA,0.03,NCBI,
YANG_2017_ZOO,freshwater,lake;rivers,water,zooplankton,mixed,16,37,52,12.54,5.82,5,25,NA,NA,NA,NA,NA,NA,NA,NA,69,69,2013,2013,2013,2013,zooplankton net,5,20000,NA,Tai Lake catchment: China,120.2051096,31.2579515,COI,mICOIintF,dgHCO2198,PGM Ion Torrent,950283,819253,1003,NA,217,0.03,NCBI,"lakes and rives sampled simultanseous: alpha available on site level, gamma over both habitats"
KIM_2020_BIO,marine,coast,bulk,zooplankton,species,36,198,10,29.6,10.4,14,60,14.4,2.1,10,21,2.7,1.3,0,6,4,58,2019,2019,2019,2019,conical net,NA,NA,NA,North West Pacific:South Korea,127.766922,35.907757,18S,1391F,EukBr,Illumina MiSeq,"15,108,829",6201616,NA,881,NA,0.03,NCBI,
HAENEL_2017_NGS,marine,fjord,sediment,nematodes,mixed,NA,NA,NA,10.5,9.19,4,17,110,4.24,107,113,NA,NA,NA,NA,2,16,2014,2014,2014,2014,dredge,NA,NA,NA,Sweden,18.643501,60.128161,COI,mlCOIintF,dgHCO2198,Illumina MiSeq,15883274,7954017,2805,190,2615,0.03,BOLD,"COI read sonly combined, but comparison for each primer separate, comparison used two morph methods, results combined for both"
HAENEL_2017_NGS,marine,fjord,sediment,nematodes,mixed,NA,NA,NA,12.5,4.95,9,16,110,4.24,107,113,NA,NA,NA,NA,2,16,2014,2014,2014,2014,dredge,NA,NA,NA,Sweden,18.643501,60.128161,COI,mlCOIintF,LoboR1,Illumina MiSeq,15883274,7954017,2805,190,2615,0.03,BOLD,"COI read sonly combined, but comparison for each primer separate"
HAENEL_2017_NGS,marine,fjord,sediment,nematodes,mixed,NA,NA,NA,86.5,12.02,78,95,110,4.24,107,113,NA,NA,NA,NA,2,16,2014,2014,2014,2014,dredge,NA,NA,NA,Sweden,18.643501,60.128161,18S,SSU_FO4,SSU_R22,Illumina MiSeq,8249601,890370,1472,121,1351,0.03,Silva,
HAENEL_2017_NGS,marine,fjord,sediment,xenacoelomorpha,mixed,NA,NA,NA,5.5,2.12,4,7,11,5.66,7,15,NA,NA,NA,NA,2,16,2014,2014,2014,2014,dredge,NA,NA,NA,Sweden,18.643501,60.128161,COI,mlCOIintF,dgHCO2198,Illumina MiSeq,15883274,7954017,2805,190,2615,0.03,BOLD,"COI read sonly combined, but comparison for each primer separate, comparison used two morph methods, results combined for both"
HAENEL_2017_NGS,marine,fjord,sediment,xenacoelomorpha,mixed,NA,NA,NA,11,1.41,10,12,11,5.66,7,15,NA,NA,NA,NA,2,16,2014,2014,2014,2014,dredge,NA,NA,NA,Sweden,18.643501,60.128161,COI,mlCOIintF,LoboR1,Illumina MiSeq,15883274,7954017,2805,190,2615,0.03,BOLD,"COI read sonly combined, but comparison for each primer separate"
HAENEL_2017_NGS,marine,fjord,sediment,xenacoelomorpha,mixed,NA,NA,NA,17.5,2.12,16,19,11,5.66,7,15,NA,NA,NA,NA,2,16,2014,2014,2014,2014,dredge,NA,NA,NA,Sweden,18.643501,60.128161,18S,SSU_FO4,SSU_R22,Illumina MiSeq,8249601,890370,1472,121,1351,0.03,Silva,
LI_2019_MET,freshwater,lake,water,cyanobacteria,genus,14,15,12,NA,NA,NA,NA,5.2,3,1,15,2.9,1.9,0,8,7,54,NA,NA,NA,NA,5L sampler,0.2,100-200,NA,China,104.195397,35.86166,16S,338F,806R,Illumina HiSeq,NA,214979,NA,69,178,0.03,NCBI;SILVA,
LIU_2017_THE,marine,coast,water,protists,phylum,0,18,4,6.4,1.1,3,7,3.5,0.5,3,4,3.4,0.5,3,4,2,23,2012,2012,2012,2012,Niskin bottle,3,500-1000,NA,China:Yellow Sea,123.7964613,35.4942771,18S,18S-82F,Ek-516R,454 pyrosequencing,462474,289306,NA,3037,NA,0.03,SILVA,Alpha diversity calculated on figure 3 so rare phyla missing
XIAO_2014_USE,freshwater,lake,water,phytoplankton,genus,57,47,12,NA,NA,NA,NA,NA,NA,NA,NA,NA,NA,NA,NA,1,300,1969,1989,1969,1989,integrated water sample 0-10m,0.8,1000,NA,Norway:Lake Gjersjøen,10.7809685,59.7849098,16S;18S,Xiao_16S_F; Xiao_18S_F,Xiao_16S_R; Xiao_18S_R,454 pyrosequencing,NA,185897,2064,NA,NA,0.03,NCBI,
XIAO_2014_USE,freshwater,lake,water,phytoplankton,species,86,31,4,NA,NA,NA,NA,NA,NA,NA,NA,NA,NA,NA,NA,1,300,1969,1989,1969,1989,integrated water sample 0-10m,0.8,1000,NA,Norway:Lake Gjersjøen,10.7809685,59.7849098,16S;18S,Xiao_16S_F; Xiao_18S_F,Xiao_16S_R; Xiao_18S_R,454 pyrosequencing,NA,185897,2064,NA,NA,0.03,NCBI,
BACHY_2013_ACC,marine,coast,bulk,protists,species,NA,NA,NA,17,7.07,12,22,28.5,10.61,21,36,NA,NA,NA,NA,2,2,2009,2009,2009,2009,Niskin bottle,NA,NA,NA,"Mediterranean Sea; ligurian sea, ionian sea",8.8362755,43.7542275,18S,Tin454-18SFw,Tin454-18SRev,454 pyrosequencing,76206,19238,NA,22,NA,0.01,Custom,Only one group: Tintinnid
BACHY_2013_ACC,marine,coast,bulk,protists,species,NA,NA,NA,13,8.49,7,19,28.5,10.61,21,36,NA,NA,NA,NA,2,2,2009,2009,2009,2009,Niskin bottle,NA,NA,NA,"Mediterranean Sea; ligurian sea, ionian sea",8.8362755,43.7542275,ITS,Tin454-ITSFw,Tin454-ITSRev,454 pyrosequencing,76206,31579,NA,19,NA,0.01,Custom,Only one group: Tintinnid
LAINI_2020_EXP,freshwater,river,bulk,macroinvertebrates,family,NA,NA,NA,17.2,5.8,3,24,18.2,7,3,29,NA,NA,NA,NA,6,2,2017,2017,2017,2017,surber net,NA,NA,NA,"Trebbia River, Italy",9.4329192,44.8037304,COI,BF2,BR2,Illumina HiSeq,NA,547000,NA,229,NA,0.03,BOLD,Sequence numbers filtered to lowest number in all replicates
LAINI_2020_EXP,freshwater,river,bulk,macroinvertebrates,mixed,NA,NA,NA,40.58,11.67,12,59,25.75,9.5,5,39,NA,NA,NA,NA,6,2,2017,2017,2017,2017,surber net,NA,NA,NA,"Trebbia River, Italy",9.4329192,44.8037304,COI,BF3,BR3,Illumina HiSeq,NA,547000,NA,229,NA,0.03,BOLD,
CLARKE_2017_EFF,marine,coast,bulk,zooplankton,mixed,16,NA,15,NA,NA,NA,NA,NA,NA,NA,NA,NA,NA,NA,NA,1,4,2015,2015,2015,2015,weighted bongo net,NA,NA,NA,"Storm Bay, Tasmania",147.44,-43.17,COI,mICOIintF,jgHCO2198,Illumina MiSeq,NA,NA,NA,42,NA,0.03,NCBI,only March extracted
CLARKE_2017_EFF,marine,coast,bulk,zooplankton,mixed,23,NA,8,NA,NA,NA,NA,NA,NA,NA,NA,NA,NA,NA,NA,1,4,2015,2015,2015,2015,weighted bongo net,NA,NA,NA,"Storm Bay, Tasmania",147.44,-43.17,16S,ILF_Cop16SF,ILR_Cop16SR,Illumina MiSeq,NA,NA,NA,18,NA,0.03,NCBI,only March extracted
CLARKE_2017_EFF,marine,coast,bulk,zooplankton,mixed,23,NA,8,NA,NA,NA,NA,NA,NA,NA,NA,NA,NA,NA,NA,1,4,2015,2015,2015,2015,weighted bongo net,NA,NA,NA,"Storm Bay, Tasmania",147.44,-43.17,18S,ILF_Uni18S,ILR_Uni18SR,Illumina MiSeq,NA,NA,NA,38,NA,0.01,NCBI,only March extracted
EILER_2013_UNV,freshwater,lake,water,phytoplankton,mixed,NA,NA,NA,33.8,NA,4,117,25.5,NA,11,45,NA,NA,NA,NA,56,139,NA,NA,NA,NA,water sample,0.2,NA,NA,Swedish and Antarctic Lakes,NA,NA,16S,341F,805R,454 pyrosequencing,116833,82825,NA,946,NA,0.03,SILVA106:custom,
PEREZ_2020_EVA,freshwater,river,sediment,diatoms,mixed,248,35,103,NA,NA,NA,NA,NA,NA,NA,NA,NA,NA,NA,NA,164,164,2017,2017,2017,2017,stone scraping,NA,NA,NA,"Catalonia, Spain",1.5208624,41.5911589,rbcL,Diat_rbcL_708F,R3,Illumina MiSeq,9941912,3081893,708,615,93,0.05,R-Syst::diatom v7,
SHACKLETON_2019_ENV,freshwater,river,sediment,plant,genus,171,100,14,28.25,5.63,21,44,44.44,18.39,4,70,1.38,1.27,0,4,16,64,2004,2013,2013,2013,previous community surveys,NA,NA,25,"Murray River, Austrilia",143.7443331,-35.3860672,18S,ALL18SF,ALL18SR,454 pyrosequencing,179732,91740,3085,89,2996,0.03,NCBI; GenBank,
SHACKLETON_2019_ENV,freshwater,river,sediment,plant,genus,159,145,25,42.19,8.21,32,59,44.81,18.65,4,70,2.81,2.13,0,7,16,64,2004,2013,2013,2013,previous community surveys,NA,NA,25,"Murray River, Austrilia",143.7443331,-35.3860672,trnL,trnL-g,trnL-h,454 pyrosequencing,37324,11137,1430,144,1268,0.03,NCBI; GenBank,
GRAN-STADNICZENKO_2017_HAP,marine,estuary,water,coccolithophore,family,1,1,5,NA,NA,NA,NA,NA,NA,NA,NA,NA,NA,NA,NA,1,2,2013,2013,2013,2013,Niskin bottle,0.8,20000,NA,"Oslofjorden, Skagerrak, Norway",10.5694033,59.2969901,18S,528Flong,PRYM01+7,454 pyrosequencing,120282,104345,2096,215,1881,0.01,Custom,
GRAN-STADNICZENKO_2017_HAP,marine,estuary,water,coccolithophore,family,2,5,4,NA,NA,NA,NA,NA,NA,NA,NA,NA,NA,NA,NA,1,2,2013,2013,2013,2013,Niskin bottle,0.8,20000,NA,"Oslofjorden, Skagerrak, Norway",10.5694033,59.2969901,28S,LSU 1,LSU 1,454 pyrosequencing,38795,29751,2594,432,2162,0.03,Custom,