study_ID,Key,Item Type,Publication Year,Author,Title,Publication Title,ISBN,ISSN,DOI,Url,Abstract Note,Date,Date Added,Date Modified,Access Date,Pages,Num Pages,Issue,Volume,Number Of Volumes,Journal Abbreviation,Short Title,Series,Series Number,Series Text,Series Title,Publisher,Place,Language,Rights,Type,Archive,Archive Location,Library Catalog,Call Number,Extra,Notes,File Attachments,Link Attachments,Manual Tags,Automatic Tags,Editor,Series Editor,Translator,Contributor,Attorney Agent,Book Author,Cast Member,Commenter,Composer,Cosponsor,Counsel,Interviewer,Producer,Recipient,Reviewed Author,Scriptwriter,Words By,Guest,Number,Edition,Running Time,Scale,Medium,Artwork Size,Filing Date,Application Number,Assignee,Issuing Authority,Country,Meeting Name,Conference Name,Court,References,Reporter,Legal Status,Priority Numbers,Programming Language,Version,System,Code,Code Number,Section,Session,Committee,History,Legislative Body
ELBRECHT_2017_ASS,7CS756GA,journalArticle,2017,"Elbrecht, Vasco; Vamos, Ecaterina Edith; Meissner, Kristian; Aroviita, Jukka; Leese, Florian",Assessing strengths and weaknesses of DNA metabarcoding‐based macroinvertebrate identification for routine stream monitoring,Methods in Ecology and Evolution,NA,"2041-210X, 2041-210X",10.1111/2041-210X.12789,https://onlinelibrary.wiley.com/doi/abs/10.1111/2041-210X.12789,NA,2017-10,2021-04-18T10:17:05Z,2021-04-18T10:17:05Z,2021-04-18T10:17:05Z,1265-1275,NA,10,8,NA,Methods Ecol Evol,NA,NA,NA,NA,NA,NA,NA,en,NA,NA,NA,NA,DOI.org (Crossref),NA,NA,NA,NA,NA,NA,NA,"Yu, Douglas",NA,NA,NA,NA,NA,NA,NA,NA,NA,NA,NA,NA,NA,NA,NA,NA,NA,NA,NA,NA,NA,NA,NA,NA,NA,NA,NA,NA,NA,NA,NA,NA,NA,NA,NA,NA,NA,NA,NA,NA,NA,NA,NA,NA,NA
EMILSON_2017_DNA,WCR2PSVV,journalArticle,2017,"Emilson, Caroline E.; Thompson, Dean G.; Venier, Lisa A.; Porter, Teresita M.; Swystun, Tom; Chartrand, Derek; Capell, Scott; Hajibabaei, Mehrdad",DNA metabarcoding and morphological macroinvertebrate metrics reveal the same changes in boreal watersheds across an environmental gradient,Scientific Reports,NA,2045-2322,10.1038/s41598-017-13157-x,http://www.nature.com/articles/s41598-017-13157-x,NA,2017-12,2021-04-18T10:17:05Z,2021-04-18T10:17:05Z,2021-04-18T10:17:05Z,12777,NA,1,7,NA,Sci Rep,NA,NA,NA,NA,NA,NA,NA,en,NA,NA,NA,NA,DOI.org (Crossref),NA,NA,NA,NA,NA,NA,NA,NA,NA,NA,NA,NA,NA,NA,NA,NA,NA,NA,NA,NA,NA,NA,NA,NA,NA,NA,NA,NA,NA,NA,NA,NA,NA,NA,NA,NA,NA,NA,NA,NA,NA,NA,NA,NA,NA,NA,NA,NA,NA,NA,NA,NA,NA
SHACKLETON_2019_ENV,HIEALGSS,journalArticle,2019,"Shackleton, M.E.; Rees, Gavin N.; Watson, G.; Campbell, C.; Nielsen, D.",Environmental DNA reveals landscape mosaic of wetland plant communities,Global Ecology and Conservation,NA,23519894,10.1016/j.gecco.2019.e00689,https://linkinghub.elsevier.com/retrieve/pii/S2351989419300137,NA,2019-07,2021-04-18T10:17:06Z,2021-04-18T10:17:06Z,2021-04-18T10:17:06Z,e00689,NA,NA,19,NA,Global Ecology and Conservation,NA,NA,NA,NA,NA,NA,NA,en,NA,NA,NA,NA,DOI.org (Crossref),NA,NA,NA,NA,NA,NA,NA,NA,NA,NA,NA,NA,NA,NA,NA,NA,NA,NA,NA,NA,NA,NA,NA,NA,NA,NA,NA,NA,NA,NA,NA,NA,NA,NA,NA,NA,NA,NA,NA,NA,NA,NA,NA,NA,NA,NA,NA,NA,NA,NA,NA,NA,NA
SERRANA_2019_COM,SFINT8JG,journalArticle,2019,"Serrana, Joeselle M.; Miyake, Yo; Gamboa, Maribet; Watanabe, Kozo",Comparison of DNA metabarcoding and morphological identification for stream macroinvertebrate biodiversity assessment and monitoring,Ecological Indicators,NA,1470160X,10.1016/j.ecolind.2019.02.008,https://linkinghub.elsevier.com/retrieve/pii/S1470160X19301177,NA,2019-06,2021-04-18T10:17:07Z,2021-04-18T10:17:07Z,2021-04-18T10:17:07Z,963-972,NA,NA,101,NA,Ecological Indicators,NA,NA,NA,NA,NA,NA,NA,en,NA,NA,NA,NA,DOI.org (Crossref),NA,NA,NA,NA,NA,NA,NA,NA,NA,NA,NA,NA,NA,NA,NA,NA,NA,NA,NA,NA,NA,NA,NA,NA,NA,NA,NA,NA,NA,NA,NA,NA,NA,NA,NA,NA,NA,NA,NA,NA,NA,NA,NA,NA,NA,NA,NA,NA,NA,NA,NA,NA,NA
KIM_2019_COM,2CC7UJ4P,journalArticle,2019,Kim; Park; Jo; Kwak,"Comparison of Water Sampling between Environmental DNA Metabarcoding and Conventional Microscopic Identification: A Case Study in Gwangyang Bay, South Korea",Applied Sciences,NA,2076-3417,10.3390/app9163272,https://www.mdpi.com/2076-3417/9/16/3272,"Our study focuses on methodological comparison of plankton community composition in relation to ecological monitoring and assessment with data sampling. Recently, along with the advancement of monitoring techniques, metabarcoding has been widely used in the context of environmental DNA (eDNA). We examine the applicability of eDNA metabarcoding for effective monitoring and assessment of community composition, compared with conventional observation using microscopic identification in a coastal ecosystem, Gwangynag Bay in South Korea. Our analysis is based primarily on two surveys at a total of 15 study sites in early and late summer (June and September) of the year 2018. The results of our study demonstrate the similarity and dissimilarity of biological communities in composition, richness and diversity between eDNA metabarcoding and conventional microscopic identification. It is found that, overall, eDNA metabarcoding appears to provide a wider variety of species composition, while conventional microscopic identification depicts more distinct plankton communities in sites. Finally, we suggest that eDNA metabarcoding is a practically useful method and can be potentially considered as a valuable alternative for biological monitoring and diversity assessments.",2019-08-09,2021-04-18T10:17:07Z,2021-04-18T10:17:07Z,2021-04-18T10:17:07Z,3272,NA,16,9,NA,Applied Sciences,Comparison of Water Sampling between Environmental DNA Metabarcoding and Conventional Microscopic Identification,NA,NA,NA,NA,NA,NA,en,NA,NA,NA,NA,DOI.org (Crossref),NA,NA,NA,NA,NA,NA,NA,NA,NA,NA,NA,NA,NA,NA,NA,NA,NA,NA,NA,NA,NA,NA,NA,NA,NA,NA,NA,NA,NA,NA,NA,NA,NA,NA,NA,NA,NA,NA,NA,NA,NA,NA,NA,NA,NA,NA,NA,NA,NA,NA,NA,NA,NA
SAKATA_2020_DET,S5R9DV7W,journalArticle,2021,"Sakata, Masayuki K.; Watanabe, Takeshi; Maki, Nobutaka; Ikeda, Kousuke; Kosuge, Toshihiro; Okada, Hiroaki; Yamanaka, Hiroki; Sado, Tetsuya; Miya, Masaki; Minamoto, Toshifumi","Determining an effective sampling method for eDNA metabarcoding: a case study for fish biodiversity monitoring in a small, natural river",Limnology,NA,"1439-8621, 1439-863X",10.1007/s10201-020-00645-9,http://link.springer.com/10.1007/s10201-020-00645-9,NA,2021-04,2021-04-18T10:17:07Z,2021-04-18T10:17:07Z,2021-04-18T10:17:07Z,221-235,NA,2,22,NA,Limnology,Determining an effective sampling method for eDNA metabarcoding,NA,NA,NA,NA,NA,NA,en,NA,NA,NA,NA,DOI.org (Crossref),NA,NA,NA,NA,NA,NA,NA,NA,NA,NA,NA,NA,NA,NA,NA,NA,NA,NA,NA,NA,NA,NA,NA,NA,NA,NA,NA,NA,NA,NA,NA,NA,NA,NA,NA,NA,NA,NA,NA,NA,NA,NA,NA,NA,NA,NA,NA,NA,NA,NA,NA,NA,NA
PUJARI_2019_DIV,WXS4S8Q7,journalArticle,2019,"Pujari, Laxman; Wu, Chao; Kan, Jinjun; Li, Nan; Wang, Xingzhou; Zhang, Guicheng; Shang, Xiaomei; Wang, Min; Zhou, Chun; Sun, Jun",Diversity and Spatial Distribution of Chromophytic Phytoplankton in the Bay of Bengal Revealed by RuBisCO Genes (rbcL),Frontiers in Microbiology,NA,1664-302X,10.3389/fmicb.2019.01501,https://www.frontiersin.org/article/10.3389/fmicb.2019.01501/full,NA,2019-07-05,2021-04-18T10:17:07Z,2021-04-18T10:17:07Z,2021-04-18T10:17:07Z,1501,NA,NA,10,NA,Front. Microbiol.,NA,NA,NA,NA,NA,NA,NA,NA,NA,NA,NA,NA,DOI.org (Crossref),NA,NA,NA,NA,NA,NA,NA,NA,NA,NA,NA,NA,NA,NA,NA,NA,NA,NA,NA,NA,NA,NA,NA,NA,NA,NA,NA,NA,NA,NA,NA,NA,NA,NA,NA,NA,NA,NA,NA,NA,NA,NA,NA,NA,NA,NA,NA,NA,NA,NA,NA,NA,NA
LOBO_2017_DNA,QYTSMNQ6,journalArticle,2017,"Lobo, Jorge; Shokralla, Shadi; Costa, Maria Helena; Hajibabaei, Mehrdad; Costa, Filipe Oliveira",DNA metabarcoding for high-throughput monitoring of estuarine macrobenthic communities,Scientific Reports,NA,2045-2322,10.1038/s41598-017-15823-6,http://www.nature.com/articles/s41598-017-15823-6,NA,2017-12,2021-04-18T10:17:08Z,2021-04-18T10:17:08Z,2021-04-18T10:17:08Z,15618,NA,1,7,NA,Sci Rep,NA,NA,NA,NA,NA,NA,NA,en,NA,NA,NA,NA,DOI.org (Crossref),NA,NA,NA,NA,NA,NA,NA,NA,NA,NA,NA,NA,NA,NA,NA,NA,NA,NA,NA,NA,NA,NA,NA,NA,NA,NA,NA,NA,NA,NA,NA,NA,NA,NA,NA,NA,NA,NA,NA,NA,NA,NA,NA,NA,NA,NA,NA,NA,NA,NA,NA,NA,NA
VASSELON_2017_ASS,2TSZ57XQ,journalArticle,2017,"Vasselon, Valentin; Rimet, Frédéric; Tapolczai, Kálmán; Bouchez, Agnès","Assessing ecological status with diatoms DNA metabarcoding: Scaling-up on a WFD monitoring network (Mayotte island, France)",Ecological Indicators,NA,1470160X,10.1016/j.ecolind.2017.06.024,https://linkinghub.elsevier.com/retrieve/pii/S1470160X17303497,NA,2017-11,2021-04-18T10:17:08Z,2021-04-18T10:17:08Z,2021-04-18T10:17:08Z,1-12,NA,NA,82,NA,Ecological Indicators,Assessing ecological status with diatoms DNA metabarcoding,NA,NA,NA,NA,NA,NA,en,NA,NA,NA,NA,DOI.org (Crossref),NA,NA,NA,NA,NA,NA,NA,NA,NA,NA,NA,NA,NA,NA,NA,NA,NA,NA,NA,NA,NA,NA,NA,NA,NA,NA,NA,NA,NA,NA,NA,NA,NA,NA,NA,NA,NA,NA,NA,NA,NA,NA,NA,NA,NA,NA,NA,NA,NA,NA,NA,NA,NA
FERNANDEZ_2018_EVA,U3KE92VH,journalArticle,2018,"Fernández, Sara; Rodríguez, Saúl; Martínez, Jose L.; Borrell, Yaisel J.; Ardura, Alba; García-Vázquez, Eva",Evaluating freshwater macroinvertebrates from eDNA metabarcoding: A river Nalón case study,PLOS ONE,NA,1932-6203,10.1371/journal.pone.0201741,https://dx.plos.org/10.1371/journal.pone.0201741,NA,2018-08-08,2021-04-18T10:17:09Z,2021-04-18T10:17:09Z,2021-04-18T10:17:09Z,e0201741,NA,8,13,NA,PLoS ONE,Evaluating freshwater macroinvertebrates from eDNA metabarcoding,NA,NA,NA,NA,NA,NA,en,NA,NA,NA,NA,DOI.org (Crossref),NA,NA,NA,NA,NA,NA,NA,"Melcher, Ulrich",NA,NA,NA,NA,NA,NA,NA,NA,NA,NA,NA,NA,NA,NA,NA,NA,NA,NA,NA,NA,NA,NA,NA,NA,NA,NA,NA,NA,NA,NA,NA,NA,NA,NA,NA,NA,NA,NA,NA,NA,NA,NA,NA,NA,NA
EVANS_2017_FIS,FZN4HQKM,journalArticle,2017,"Evans, Nathan T.; Li, Yiyuan; Renshaw, Mark A.; Olds, Brett P.; Deiner, Kristy; Turner, Cameron R.; Jerde, Christopher L.; Lodge, David M.; Lamberti, Gary A.; Pfrender, Michael E.",Fish community assessment with eDNA metabarcoding: effects of sampling design and bioinformatic filtering,Canadian Journal of Fisheries and Aquatic Sciences,NA,"0706-652X, 1205-7533",10.1139/cjfas-2016-0306,http://www.nrcresearchpress.com/doi/10.1139/cjfas-2016-0306,"Species richness is a metric of biodiversity that represents the number of species present in a community. Traditional fisheries assessments that rely on capture of organisms often underestimate true species richness. Environmental DNA (eDNA) metabarcoding is an alternative tool that infers species richness by collecting and sequencing DNA present in the ecosystem. Our objective was to determine how spatial distribution of samples and “bioinformatic stringency” affected eDNA-metabarcoding estimates of species richness compared with capture-based estimates in a 2.2 ha reservoir. When bioinformatic criteria required species to be detected only in a single sample, eDNA metabarcoding detected all species captured with traditional methods plus an additional 11 noncaptured species. However, when we required species to be detected with multiple markers and in multiple samples, eDNA metabarcoding detected only seven of the captured species. Our analysis of the spatial patterns of species detection indicated that eDNA was distributed relatively homogeneously throughout the reservoir, except near the inflowing stream. We suggest that interpretation of eDNA metabarcoding data must consider the potential effects of water body type, spatial resolution, and bioinformatic stringency.",2017-09,2021-04-18T10:17:09Z,2021-04-18T10:17:09Z,2021-04-18T10:17:09Z,1362-1374,NA,9,74,NA,Can. J. Fish. Aquat. Sci.,Fish community assessment with eDNA metabarcoding,NA,NA,NA,NA,NA,NA,en,NA,NA,NA,NA,DOI.org (Crossref),NA,NA,NA,NA,NA,NA,NA,NA,NA,NA,NA,NA,NA,NA,NA,NA,NA,NA,NA,NA,NA,NA,NA,NA,NA,NA,NA,NA,NA,NA,NA,NA,NA,NA,NA,NA,NA,NA,NA,NA,NA,NA,NA,NA,NA,NA,NA,NA,NA,NA,NA,NA,NA
PORT_2016_ASS,NVTF7CPF,journalArticle,2016,"Port, Jesse A.; O'Donnell, James L.; Romero‐Maraccini, Ofelia C.; Leary, Paul R.; Litvin, Steven Y.; Nickols, Kerry J.; Yamahara, Kevan M.; Kelly, Ryan P.","Assessing vertebrate biodiversity in a kelp forest ecosystem using environmental <span style=""font-variant:small-caps;"">DNA</span>",Molecular Ecology,NA,"0962-1083, 1365-294X",10.1111/mec.13481,https://onlinelibrary.wiley.com/doi/10.1111/mec.13481,NA,2016-01,2021-04-18T10:17:09Z,2021-04-18T10:17:09Z,2021-04-18T10:17:09Z,527-541,NA,2,25,NA,Mol Ecol,"Assessing vertebrate biodiversity in a kelp forest ecosystem using environmental <span style=""font-variant",NA,NA,NA,NA,NA,NA,en,NA,NA,NA,NA,DOI.org (Crossref),NA,NA,NA,NA,NA,NA,NA,NA,NA,NA,NA,NA,NA,NA,NA,NA,NA,NA,NA,NA,NA,NA,NA,NA,NA,NA,NA,NA,NA,NA,NA,NA,NA,NA,NA,NA,NA,NA,NA,NA,NA,NA,NA,NA,NA,NA,NA,NA,NA,NA,NA,NA,NA
AYLAGAS_2016_BEN,XGWRB9NX,journalArticle,2016,"Aylagas, Eva; Borja, Ángel; Irigoien, Xabier; Rodríguez-Ezpeleta, Naiara",Benchmarking DNA Metabarcoding for Biodiversity-Based Monitoring and Assessment,Frontiers in Marine Science,NA,2296-7745,10.3389/fmars.2016.00096,http://journal.frontiersin.org/Article/10.3389/fmars.2016.00096/abstract,NA,2016-06-10,2021-04-18T10:17:09Z,2021-04-18T10:17:09Z,2021-04-18T10:17:09Z,NA,NA,NA,3,NA,Front. Mar. Sci.,NA,NA,NA,NA,NA,NA,NA,NA,NA,NA,NA,NA,DOI.org (Crossref),NA,NA,NA,NA,NA,NA,NA,NA,NA,NA,NA,NA,NA,NA,NA,NA,NA,NA,NA,NA,NA,NA,NA,NA,NA,NA,NA,NA,NA,NA,NA,NA,NA,NA,NA,NA,NA,NA,NA,NA,NA,NA,NA,NA,NA,NA,NA,NA,NA,NA,NA,NA,NA
RIVERA_2018_DNA,7B76GFFN,journalArticle,2018,"Rivera, Sinziana F.; Vasselon, Valentin; Ballorain, Katia; Carpentier, Alice; Wetzel, Carlos E.; Ector, Luc; Bouchez, Agnès; Rimet, Frédéric",DNA metabarcoding and microscopic analyses of sea turtles biofilms: Complementary to understand turtle behavior,PLOS ONE,NA,1932-6203,10.1371/journal.pone.0195770,https://dx.plos.org/10.1371/journal.pone.0195770,NA,2018-04-16,2021-04-18T10:17:09Z,2021-04-18T10:17:09Z,2021-04-18T10:17:09Z,e0195770,NA,4,13,NA,PLoS ONE,DNA metabarcoding and microscopic analyses of sea turtles biofilms,NA,NA,NA,NA,NA,NA,en,NA,NA,NA,NA,DOI.org (Crossref),NA,NA,NA,NA,NA,NA,NA,"Doi, Hideyuki",NA,NA,NA,NA,NA,NA,NA,NA,NA,NA,NA,NA,NA,NA,NA,NA,NA,NA,NA,NA,NA,NA,NA,NA,NA,NA,NA,NA,NA,NA,NA,NA,NA,NA,NA,NA,NA,NA,NA,NA,NA,NA,NA,NA,NA
MCCLENAGHAN_2020_HAR,TRUU7AYH,journalArticle,2020,"McClenaghan, Beverly; Fahner, Nicole; Cote, David; Chawarski, Julek; McCarthy, Avery; Rajabi, Hoda; Singer, Greg; Hajibabaei, Mehrdad",Harnessing the power of eDNA metabarcoding for the detection of deep-sea fishes,PLOS ONE,NA,1932-6203,10.1371/journal.pone.0236540,https://dx.plos.org/10.1371/journal.pone.0236540,NA,2020-11-04,2021-04-18T10:17:10Z,2021-04-18T10:17:10Z,2021-04-18T10:17:10Z,e0236540,NA,11,15,NA,PLoS ONE,NA,NA,NA,NA,NA,NA,NA,en,NA,NA,NA,NA,DOI.org (Crossref),NA,NA,NA,NA,NA,NA,NA,"Doi, Hideyuki",NA,NA,NA,NA,NA,NA,NA,NA,NA,NA,NA,NA,NA,NA,NA,NA,NA,NA,NA,NA,NA,NA,NA,NA,NA,NA,NA,NA,NA,NA,NA,NA,NA,NA,NA,NA,NA,NA,NA,NA,NA,NA,NA,NA,NA
RIVERA_2021_EXP,54NP34FM,journalArticle,2021,"Rivera, Sinziana F.; Vasselon, Valentin; Mary, Nathalie; Monnier, Olivier; Rimet, Fréderic; Bouchez, Agnès",Exploring the capacity of aquatic biofilms to act as environmental DNA samplers: Test on macroinvertebrate communities in rivers,Science of The Total Environment,NA,489697,10.1016/j.scitotenv.2020.144208,https://linkinghub.elsevier.com/retrieve/pii/S0048969720377391,NA,2021-04,2021-04-18T10:17:10Z,2021-04-18T10:17:10Z,2021-04-18T10:17:10Z,144208,NA,NA,763,NA,Science of The Total Environment,Exploring the capacity of aquatic biofilms to act as environmental DNA samplers,NA,NA,NA,NA,NA,NA,en,NA,NA,NA,NA,DOI.org (Crossref),NA,NA,NA,NA,NA,NA,NA,NA,NA,NA,NA,NA,NA,NA,NA,NA,NA,NA,NA,NA,NA,NA,NA,NA,NA,NA,NA,NA,NA,NA,NA,NA,NA,NA,NA,NA,NA,NA,NA,NA,NA,NA,NA,NA,NA,NA,NA,NA,NA,NA,NA,NA,NA
KROL_2019_HOW,WRZ73CN3,journalArticle,2019,"Krol, Louie; Van der Hoorn, Berry; Gorsich, Erin E.; Trimbos, Krijn; Bodegom, Peter M. van; Schrama, Maarten",How Does eDNA Compare to Traditional Trapping? Detecting Mosquito Communities in South-African Freshwater Ponds,Frontiers in Ecology and Evolution,NA,2296-701X,10.3389/fevo.2019.00260,https://www.frontiersin.org/article/10.3389/fevo.2019.00260/full,NA,2019-07-10,2021-04-18T10:17:10Z,2021-04-18T10:17:10Z,2021-04-18T10:17:10Z,260,NA,NA,7,NA,Front. Ecol. Evol.,How Does eDNA Compare to Traditional Trapping?,NA,NA,NA,NA,NA,NA,NA,NA,NA,NA,NA,DOI.org (Crossref),NA,NA,NA,NA,NA,NA,NA,NA,NA,NA,NA,NA,NA,NA,NA,NA,NA,NA,NA,NA,NA,NA,NA,NA,NA,NA,NA,NA,NA,NA,NA,NA,NA,NA,NA,NA,NA,NA,NA,NA,NA,NA,NA,NA,NA,NA,NA,NA,NA,NA,NA,NA,NA
APOTHELOZ_2017_TAX,EHEXC97Q,journalArticle,2017,"Apothéloz-Perret-Gentil, Laure; Cordonier, Arielle; Straub, François; Iseli, Jennifer; Esling, Philippe; Pawlowski, Jan",Taxonomy-free molecular diatom index for high-throughput eDNA biomonitoring,Molecular Ecology Resources,NA,1755098X,10.1111/1755-0998.12668,http://doi.wiley.com/10.1111/1755-0998.12668,NA,2017-11,2021-04-18T10:17:11Z,2021-04-18T10:17:11Z,2021-04-18T10:17:10Z,1231-1242,NA,6,17,NA,Mol Ecol Resour,NA,NA,NA,NA,NA,NA,NA,en,NA,NA,NA,NA,DOI.org (Crossref),NA,NA,NA,NA,NA,NA,NA,NA,NA,NA,NA,NA,NA,NA,NA,NA,NA,NA,NA,NA,NA,NA,NA,NA,NA,NA,NA,NA,NA,NA,NA,NA,NA,NA,NA,NA,NA,NA,NA,NA,NA,NA,NA,NA,NA,NA,NA,NA,NA,NA,NA,NA,NA
KERMARREC_2014_ANE,2VQ7P2MZ,journalArticle,2014,"Kermarrec, Lenaïg; Franc, Alain; Rimet, Frédéric; Chaumeil, Philippe; Frigerio, Jean-Marc; Humbert, Jean-François; Bouchez, Agnès",A next-generation sequencing approach to river biomonitoring using benthic diatoms,Freshwater Science,NA,"2161-9549, 2161-9565",10.1086/675079,https://www.journals.uchicago.edu/doi/10.1086/675079,NA,2014-03,2021-04-18T10:17:11Z,2021-04-18T10:17:11Z,2021-04-18T10:17:10Z,349-363,NA,1,33,NA,Freshwater Science,NA,NA,NA,NA,NA,NA,NA,en,NA,NA,NA,NA,DOI.org (Crossref),NA,NA,NA,NA,NA,NA,NA,NA,NA,NA,NA,NA,NA,NA,NA,NA,NA,NA,NA,NA,NA,NA,NA,NA,NA,NA,NA,NA,NA,NA,NA,NA,NA,NA,NA,NA,NA,NA,NA,NA,NA,NA,NA,NA,NA,NA,NA,NA,NA,NA,NA,NA,NA
MARTINS_2019_HAV,EK4YWVTP,journalArticle,2019,"Martins, Filipa M. S.; Galhardo, Mafalda; Filipe, Ana F.; Teixeira, Amílcar; Pinheiro, Paulo; Paupério, Joana; Alves, Paulo C.; Beja, Pedro",Have the cake and eat it: Optimizing nondestructive DNA metabarcoding of macroinvertebrate samples for freshwater biomonitoring,Molecular Ecology Resources,NA,"1755-098X, 1755-0998",10.1111/1755-0998.13012,https://onlinelibrary.wiley.com/doi/abs/10.1111/1755-0998.13012,NA,2019-07,2021-04-18T10:17:11Z,2021-04-18T10:17:11Z,2021-04-18T10:17:10Z,863-876,NA,4,19,NA,Mol Ecol Resour,Have the cake and eat it,NA,NA,NA,NA,NA,NA,en,NA,NA,NA,NA,DOI.org (Crossref),NA,NA,NA,NA,NA,NA,NA,NA,NA,NA,NA,NA,NA,NA,NA,NA,NA,NA,NA,NA,NA,NA,NA,NA,NA,NA,NA,NA,NA,NA,NA,NA,NA,NA,NA,NA,NA,NA,NA,NA,NA,NA,NA,NA,NA,NA,NA,NA,NA,NA,NA,NA,NA
AGLIERI_2020_ENV,SFFJHQHK,journalArticle,2020,"Aglieri, Giorgio; Baillie, Charles; Mariani, Stefano; Cattano, Carlo; Calò, Antonio; Turco, Gabriele; Spatafora, Davide; Di Franco, Antonio; Di Lorenzo, Manfredi; Guidetti, Paolo; Milazzo, Marco",Environmental DNA effectively captures functional diversity of coastal fish communities,Molecular Ecology,NA,"0962-1083, 1365-294X",10.1111/mec.15661,https://onlinelibrary.wiley.com/doi/10.1111/mec.15661,NA,2020-10-20,2021-04-18T10:17:12Z,2021-04-18T10:17:12Z,2021-04-18T10:17:12Z,mec.15661,NA,NA,NA,NA,Mol Ecol,NA,NA,NA,NA,NA,NA,NA,en,NA,NA,NA,NA,DOI.org (Crossref),NA,NA,NA,NA,NA,NA,NA,NA,NA,NA,NA,NA,NA,NA,NA,NA,NA,NA,NA,NA,NA,NA,NA,NA,NA,NA,NA,NA,NA,NA,NA,NA,NA,NA,NA,NA,NA,NA,NA,NA,NA,NA,NA,NA,NA,NA,NA,NA,NA,NA,NA,NA,NA
DEAGLE_2018_GEN,UBVJUHNC,journalArticle,2018,"Deagle, Bruce E.; Clarke, Laurence J.; Kitchener, John A.; Polanowski, Andrea M.; Davidson, Andrew T.",Genetic monitoring of open ocean biodiversity: An evaluation of DNA metabarcoding for processing continuous plankton recorder samples,Molecular Ecology Resources,NA,1755098X,10.1111/1755-0998.12740,http://doi.wiley.com/10.1111/1755-0998.12740,NA,2018-05,2021-04-18T10:17:12Z,2021-04-18T10:17:12Z,2021-04-18T10:17:12Z,391-406,NA,3,18,NA,Mol Ecol Resour,Genetic monitoring of open ocean biodiversity,NA,NA,NA,NA,NA,NA,en,NA,NA,NA,NA,DOI.org (Crossref),NA,NA,NA,NA,NA,NA,NA,NA,NA,NA,NA,NA,NA,NA,NA,NA,NA,NA,NA,NA,NA,NA,NA,NA,NA,NA,NA,NA,NA,NA,NA,NA,NA,NA,NA,NA,NA,NA,NA,NA,NA,NA,NA,NA,NA,NA,NA,NA,NA,NA,NA,NA,NA
SUN_2019_DNA,DGPKFSQ3,journalArticle,2019,"Sun, Zhenhua; Majaneva, Markus; Sokolova, Ekaterina; Rauch, Sebastien; Meland, Sondre; Ekrem, Torbjørn",DNA metabarcoding adds valuable information for management of biodiversity in roadside stormwater ponds,Ecology and Evolution,NA,"2045-7758, 2045-7758",10.1002/ece3.5503,https://onlinelibrary.wiley.com/doi/abs/10.1002/ece3.5503,NA,2019-09,2021-04-18T10:17:12Z,2021-04-18T10:17:12Z,2021-04-18T10:17:12Z,9712-9722,NA,17,9,NA,Ecol Evol,NA,NA,NA,NA,NA,NA,NA,en,NA,NA,NA,NA,DOI.org (Crossref),NA,NA,NA,NA,NA,NA,NA,NA,NA,NA,NA,NA,NA,NA,NA,NA,NA,NA,NA,NA,NA,NA,NA,NA,NA,NA,NA,NA,NA,NA,NA,NA,NA,NA,NA,NA,NA,NA,NA,NA,NA,NA,NA,NA,NA,NA,NA,NA,NA,NA,NA,NA,NA
FUJII_2019_ENV,5539PCRW,journalArticle,2019,"Fujii, Kazuya; Doi, Hideyuki; Matsuoka, Shunsuke; Nagano, Mariko; Sato, Hirotoshi; Yamanaka, Hiroki",Environmental DNA metabarcoding for fish community analysis in backwater lakes: A comparison of capture methods,PLOS ONE,NA,1932-6203,10.1371/journal.pone.0210357,https://dx.plos.org/10.1371/journal.pone.0210357,NA,2019-01-31,2021-04-18T10:17:12Z,2021-04-18T10:17:12Z,2021-04-18T10:17:12Z,e0210357,NA,1,14,NA,PLoS ONE,Environmental DNA metabarcoding for fish community analysis in backwater lakes,NA,NA,NA,NA,NA,NA,en,NA,NA,NA,NA,DOI.org (Crossref),NA,NA,NA,NA,NA,NA,NA,"Anil, Arga Chandrashekar",NA,NA,NA,NA,NA,NA,NA,NA,NA,NA,NA,NA,NA,NA,NA,NA,NA,NA,NA,NA,NA,NA,NA,NA,NA,NA,NA,NA,NA,NA,NA,NA,NA,NA,NA,NA,NA,NA,NA,NA,NA,NA,NA,NA,NA
COLLINS_2019_NON,KJ68UFIK,journalArticle,2019,"Collins, Rupert A.; Bakker, Judith; Wangensteen, Owen S.; Soto, Ana Z.; Corrigan, Laura; Sims, David W.; Genner, Martin J.; Mariani, Stefano",Non‐specific amplification compromises environmental DNA metabarcoding with COI,Methods in Ecology and Evolution,NA,"2041-210X, 2041-210X",10.1111/2041-210X.13276,https://onlinelibrary.wiley.com/doi/10.1111/2041-210X.13276,NA,2019-11,2021-04-18T10:17:13Z,2021-04-18T10:17:13Z,2021-04-18T10:17:13Z,1985-2001,NA,11,10,NA,Methods Ecol Evol,NA,NA,NA,NA,NA,NA,NA,en,NA,NA,NA,NA,DOI.org (Crossref),NA,NA,NA,NA,NA,NA,NA,"Yu, Douglas",NA,NA,NA,NA,NA,NA,NA,NA,NA,NA,NA,NA,NA,NA,NA,NA,NA,NA,NA,NA,NA,NA,NA,NA,NA,NA,NA,NA,NA,NA,NA,NA,NA,NA,NA,NA,NA,NA,NA,NA,NA,NA,NA,NA,NA
OBST_2020_AMA,UV6FZSK8,journalArticle,2020,"Obst, Matthias; Exter, Katrina; Allcock, A. Louise; Arvanitidis, Christos; Axberg, Alizz; Bustamante, Maria; Cancio, Ibon; Carreira-Flores, Diego; Chatzinikolaou, Eva; Chatzigeorgiou, Giorgos; Chrismas, Nathan; Clark, Melody S.; Comtet, Thierry; Dailianis, Thanos; Davies, Neil; Deneudt, Klaas; de Cerio, Oihane Diaz; Fortič, Ana; Gerovasileiou, Vasilis; Hablützel, Pascal I.; Keklikoglou, Kleoniki; Kotoulas, Georgios; Lasota, Rafal; Leite, Barbara R.; Loisel, Stéphane; Lévêque, Laurent; Levy, Liraz; Malachowicz, Magdalena; Mavrič, Borut; Meyer, Christopher; Mortelmans, Jonas; Norkko, Joanna; Pade, Nicolas; Power, Anne Marie; Ramšak, Andreja; Reiss, Henning; Solbakken, Jostein; Staehr, Peter A.; Sundberg, Per; Thyrring, Jakob; Troncoso, Jesus S.; Viard, Frédérique; Wenne, Roman; Yperifanou, Eleni Ioanna; Zbawicka, Malgorzata; Pavloudi, Christina",A Marine Biodiversity Observation Network for Genetic Monitoring of Hard-Bottom Communities (ARMS-MBON),Frontiers in Marine Science,NA,2296-7745,10.3389/fmars.2020.572680,https://www.frontiersin.org/articles/10.3389/fmars.2020.572680/full,"Marine hard-bottom communities are undergoing severe change under the influence of multiple drivers, notably climate change, extraction of natural resources, pollution and eutrophication, habitat degradation, and invasive species. Monitoring marine biodiversity in such habitats is, however, challenging as it typically involves expensive, non-standardized, and often destructive sampling methods that limit its scalability. Differences in monitoring approaches furthermore hinders inter-comparison among monitoring programs. Here, we announce a Marine Biodiversity Observation Network (MBON) consisting of Autonomous Reef Monitoring Structures (ARMS) with the aim to assess the status and changes in benthic fauna with genomic-based methods, notably DNA metabarcoding, in combination with image-based identifications. This article presents the results of a 30-month pilot phase in which we established an operational and geographically expansive ARMS-MBON. The network currently consists of 20 observatories distributed across European coastal waters and the polar regions, in which 134 ARMS have been deployed to date. Sampling takes place annually, either as short-term deployments during the summer or as long-term deployments starting in spring. The pilot phase was used to establish a common set of standards for field sampling, genetic analysis, data management, and legal compliance, which are presented here. We also tested the potential of ARMS for combining genetic and image-based identification methods in comparative studies of benthic diversity, as well as for detecting non-indigenous species. Results show that ARMS are suitable for monitoring hard-bottom environments as they provide genetic data that can be continuously enriched, re-analyzed, and integrated with conventional data to document benthic community composition and detect non-indigenous species. Finally, we provide guidelines to expand the network and present a sustainability plan as part of the European Marine Biological Resource Centre (               www.embrc.eu               ).",2020-11-30,2021-04-18T10:17:14Z,2021-04-18T10:17:14Z,2021-04-18T10:17:14Z,572680,NA,NA,7,NA,Front. Mar. Sci.,NA,NA,NA,NA,NA,NA,NA,NA,NA,NA,NA,NA,DOI.org (Crossref),NA,NA,NA,NA,NA,NA,NA,NA,NA,NA,NA,NA,NA,NA,NA,NA,NA,NA,NA,NA,NA,NA,NA,NA,NA,NA,NA,NA,NA,NA,NA,NA,NA,NA,NA,NA,NA,NA,NA,NA,NA,NA,NA,NA,NA,NA,NA,NA,NA,NA,NA,NA,NA
AZEVEDO_2020_MON,D639SW74,journalArticle,2020,"Azevedo, Joana; Antunes, Jorge T.; Machado, André M.; Vasconcelos, Vitor; Leão, Pedro N.; Froufe, Elsa",Monitoring of biofouling communities in a Portuguese port using a combined morphological and metabarcoding approach,Scientific Reports,NA,2045-2322,10.1038/s41598-020-70307-4,http://www.nature.com/articles/s41598-020-70307-4,NA,2020-12,2021-04-18T10:17:15Z,2021-04-18T10:17:15Z,2021-04-18T10:17:15Z,13461,NA,1,10,NA,Sci Rep,NA,NA,NA,NA,NA,NA,NA,en,NA,NA,NA,NA,DOI.org (Crossref),NA,NA,NA,NA,NA,NA,NA,NA,NA,NA,NA,NA,NA,NA,NA,NA,NA,NA,NA,NA,NA,NA,NA,NA,NA,NA,NA,NA,NA,NA,NA,NA,NA,NA,NA,NA,NA,NA,NA,NA,NA,NA,NA,NA,NA,NA,NA,NA,NA,NA,NA,NA,NA
CLOSEK_2019_MAR,PMMZN6PH,journalArticle,2019,"Closek, Collin J.; Santora, Jarrod A.; Starks, Hilary A.; Schroeder, Isaac D.; Andruszkiewicz, Elizabeth A.; Sakuma, Keith M.; Bograd, Steven J.; Hazen, Elliott L.; Field, John C.; Boehm, Alexandria B.",Marine Vertebrate Biodiversity and Distribution Within the Central California Current Using Environmental DNA (eDNA) Metabarcoding and Ecosystem Surveys,Frontiers in Marine Science,NA,2296-7745,10.3389/fmars.2019.00732,https://www.frontiersin.org/article/10.3389/fmars.2019.00732/full,NA,2019-12-16,2021-04-18T10:17:15Z,2021-04-18T10:17:15Z,2021-04-18T10:17:15Z,732,NA,NA,6,NA,Front. Mar. Sci.,NA,NA,NA,NA,NA,NA,NA,NA,NA,NA,NA,NA,DOI.org (Crossref),NA,NA,NA,NA,NA,NA,NA,NA,NA,NA,NA,NA,NA,NA,NA,NA,NA,NA,NA,NA,NA,NA,NA,NA,NA,NA,NA,NA,NA,NA,NA,NA,NA,NA,NA,NA,NA,NA,NA,NA,NA,NA,NA,NA,NA,NA,NA,NA,NA,NA,NA,NA,NA
LIU_2017_THE,AJ66WUWG,journalArticle,2017,"Liu, Yun; Song, Shuqun; Chen, Tiantian; Li, Caiwen",The diversity and structure of marine protists in the coastal waters of China revealed by morphological observation and 454 pyrosequencing,"Estuarine, Coastal and Shelf Science",NA,2727714,10.1016/j.ecss.2017.03.019,https://linkinghub.elsevier.com/retrieve/pii/S0272771417302792,NA,2017-04,2021-04-18T10:17:15Z,2021-04-18T10:17:15Z,2021-04-18T10:17:15Z,143-155,NA,NA,189,NA,"Estuarine, Coastal and Shelf Science",NA,NA,NA,NA,NA,NA,NA,en,NA,NA,NA,NA,DOI.org (Crossref),NA,NA,NA,NA,NA,NA,NA,NA,NA,NA,NA,NA,NA,NA,NA,NA,NA,NA,NA,NA,NA,NA,NA,NA,NA,NA,NA,NA,NA,NA,NA,NA,NA,NA,NA,NA,NA,NA,NA,NA,NA,NA,NA,NA,NA,NA,NA,NA,NA,NA,NA,NA,NA
BORRELL_2017_DNA,G4WIZSGR,journalArticle,2017,"Borrell, Yaisel J.; Miralles, Laura; Do Huu, Hoang; Mohammed-Geba, Khaled; Garcia-Vazquez, Eva",DNA in a bottle—Rapid metabarcoding survey for early alerts of invasive species in ports,PLOS ONE,NA,1932-6203,10.1371/journal.pone.0183347,https://dx.plos.org/10.1371/journal.pone.0183347,NA,2017-09-05,2021-04-18T10:17:15Z,2021-04-18T10:17:15Z,2021-04-18T10:17:15Z,e0183347,NA,9,12,NA,PLoS ONE,NA,NA,NA,NA,NA,NA,NA,en,NA,NA,NA,NA,DOI.org (Crossref),NA,NA,NA,NA,NA,NA,NA,"Doi, Hideyuki",NA,NA,NA,NA,NA,NA,NA,NA,NA,NA,NA,NA,NA,NA,NA,NA,NA,NA,NA,NA,NA,NA,NA,NA,NA,NA,NA,NA,NA,NA,NA,NA,NA,NA,NA,NA,NA,NA,NA,NA,NA,NA,NA,NA,NA
OLDS_2016_EST,A9D35MFY,journalArticle,2016,"Olds, Brett P.; Jerde, Christopher L.; Renshaw, Mark A.; Li, Yiyuan; Evans, Nathan T.; Turner, Cameron R.; Deiner, Kristy; Mahon, Andrew R.; Brueseke, Michael A.; Shirey, Patrick D.; Pfrender, Michael E.; Lodge, David M.; Lamberti, Gary A.","Estimating species richness using environmental <span style=""font-variant:small-caps;"">DNA</span>",Ecology and Evolution,NA,"2045-7758, 2045-7758",10.1002/ece3.2186,https://onlinelibrary.wiley.com/doi/10.1002/ece3.2186,NA,2016-06,2021-04-18T10:17:16Z,2021-04-18T10:17:16Z,2021-04-18T10:17:16Z,4214-4226,NA,12,6,NA,Ecol Evol,"Estimating species richness using environmental <span style=""font-variant",NA,NA,NA,NA,NA,NA,en,NA,NA,NA,NA,DOI.org (Crossref),NA,NA,NA,NA,NA,NA,NA,NA,NA,NA,NA,NA,NA,NA,NA,NA,NA,NA,NA,NA,NA,NA,NA,NA,NA,NA,NA,NA,NA,NA,NA,NA,NA,NA,NA,NA,NA,NA,NA,NA,NA,NA,NA,NA,NA,NA,NA,NA,NA,NA,NA,NA,NA
RIVERA_2018_MET,M8BJ99BN,journalArticle,2018,"Rivera, S. F.; Vasselon, V.; Jacquet, S.; Bouchez, A.; Ariztegui, D.; Rimet, F.",Metabarcoding of lake benthic diatoms: from structure assemblages to ecological assessment,Hydrobiologia,NA,"0018-8158, 1573-5117",10.1007/s10750-017-3381-2,http://link.springer.com/10.1007/s10750-017-3381-2,NA,2018-02,2021-04-18T10:17:17Z,2021-04-18T10:17:17Z,2021-04-18T10:17:17Z,37-51,NA,1,807,NA,Hydrobiologia,Metabarcoding of lake benthic diatoms,NA,NA,NA,NA,NA,NA,en,NA,NA,NA,NA,DOI.org (Crossref),NA,NA,NA,NA,NA,NA,NA,NA,NA,NA,NA,NA,NA,NA,NA,NA,NA,NA,NA,NA,NA,NA,NA,NA,NA,NA,NA,NA,NA,NA,NA,NA,NA,NA,NA,NA,NA,NA,NA,NA,NA,NA,NA,NA,NA,NA,NA,NA,NA,NA,NA,NA,NA
NGUYEN_2020_ENV,3YFHFIBN,journalArticle,2020,"Nguyen, Bryan N.; Shen, Elaine W.; Seemann, Janina; Correa, Adrienne M. S.; O’Donnell, James L.; Altieri, Andrew H.; Knowlton, Nancy; Crandall, Keith A.; Egan, Scott P.; McMillan, W. Owen; Leray, Matthieu",Environmental DNA survey captures patterns of fish and invertebrate diversity across a tropical seascape,Scientific Reports,NA,2045-2322,10.1038/s41598-020-63565-9,http://www.nature.com/articles/s41598-020-63565-9,NA,2020-12,2021-04-18T10:17:17Z,2021-04-18T10:17:17Z,2021-04-18T10:17:17Z,6729,NA,1,10,NA,Sci Rep,NA,NA,NA,NA,NA,NA,NA,en,NA,NA,NA,NA,DOI.org (Crossref),NA,NA,NA,NA,NA,NA,NA,NA,NA,NA,NA,NA,NA,NA,NA,NA,NA,NA,NA,NA,NA,NA,NA,NA,NA,NA,NA,NA,NA,NA,NA,NA,NA,NA,NA,NA,NA,NA,NA,NA,NA,NA,NA,NA,NA,NA,NA,NA,NA,NA,NA,NA,NA
KELLY_2017_GEN,VLRWPZVE,journalArticle,2017,"Kelly, Ryan P.; Closek, Collin J.; O'Donnell, James L.; Kralj, James E.; Shelton, Andrew O.; Samhouri, Jameal F.",Genetic and Manual Survey Methods Yield Different and Complementary Views of an Ecosystem,Frontiers in Marine Science,NA,2296-7745,10.3389/fmars.2016.00283,http://journal.frontiersin.org/article/10.3389/fmars.2016.00283/full,NA,2017-01-09,2021-04-18T10:17:18Z,2021-04-18T10:17:18Z,2021-04-18T10:17:18Z,NA,NA,NA,3,NA,Front. Mar. Sci.,NA,NA,NA,NA,NA,NA,NA,NA,NA,NA,NA,NA,DOI.org (Crossref),NA,NA,NA,NA,NA,NA,NA,NA,NA,NA,NA,NA,NA,NA,NA,NA,NA,NA,NA,NA,NA,NA,NA,NA,NA,NA,NA,NA,NA,NA,NA,NA,NA,NA,NA,NA,NA,NA,NA,NA,NA,NA,NA,NA,NA,NA,NA,NA,NA,NA,NA,NA,NA
APOTHELOZ_2020_MON,7XUX2INU,journalArticle,2020,"Apothéloz‐Perret‐Gentil, Laure; Bouchez, Agnès; Cordier, Tristan; Cordonier, Arielle; Guéguen, Julie; Rimet, Frederic; Vasselon, Valentin; Pawlowski, Jan",Monitoring the ecological status of rivers with diatom eDNA metabarcoding: A comparison of taxonomic markers and analytical approaches for the inference of a molecular diatom index,Molecular Ecology,NA,"0962-1083, 1365-294X",10.1111/mec.15646,https://onlinelibrary.wiley.com/doi/10.1111/mec.15646,NA,2020-11-14,2021-04-18T10:17:18Z,2021-04-18T10:17:18Z,2021-04-18T10:17:18Z,mec.15646,NA,NA,NA,NA,Mol Ecol,Monitoring the ecological status of rivers with diatom eDNA metabarcoding,NA,NA,NA,NA,NA,NA,en,NA,NA,NA,NA,DOI.org (Crossref),NA,NA,NA,NA,NA,NA,NA,NA,NA,NA,NA,NA,NA,NA,NA,NA,NA,NA,NA,NA,NA,NA,NA,NA,NA,NA,NA,NA,NA,NA,NA,NA,NA,NA,NA,NA,NA,NA,NA,NA,NA,NA,NA,NA,NA,NA,NA,NA,NA,NA,NA,NA,NA
AFZALI_2021_COM,QDKWPCST,journalArticle,2021,"Afzali, Seyedeh Fatemeh; Bourdages, Hugo; Laporte, Martin; Mérot, Claire; Normandeau, Eric; Audet, Céline; Bernatchez, Louis","Comparing environmental metabarcoding and trawling survey of demersal fish communities in the Gulf of St. Lawrence, Canada",Environmental DNA,NA,"2637-4943, 2637-4943",10.1002/edn3.111,https://onlinelibrary.wiley.com/doi/10.1002/edn3.111,NA,2021-01,2021-04-18T10:17:19Z,2021-04-18T10:17:19Z,2021-04-18T10:17:19Z,22-42,NA,1,3,NA,Environmental DNA,NA,NA,NA,NA,NA,NA,NA,en,NA,NA,NA,NA,DOI.org (Crossref),NA,NA,NA,NA,NA,NA,NA,NA,NA,NA,NA,NA,NA,NA,NA,NA,NA,NA,NA,NA,NA,NA,NA,NA,NA,NA,NA,NA,NA,NA,NA,NA,NA,NA,NA,NA,NA,NA,NA,NA,NA,NA,NA,NA,NA,NA,NA,NA,NA,NA,NA,NA,NA
ALSOS_2018_PLA,R7YG7NVR,journalArticle,2018,"Alsos, Inger Greve; Lammers, Youri; Yoccoz, Nigel Giles; Jørgensen, Tina; Sjögren, Per; Gielly, Ludovic; Edwards, Mary E.",Plant DNA metabarcoding of lake sediments: How does it represent the contemporary vegetation,PLOS ONE,NA,1932-6203,10.1371/journal.pone.0195403,https://dx.plos.org/10.1371/journal.pone.0195403,NA,2018-04-17,2021-04-18T10:17:19Z,2021-04-18T10:17:19Z,2021-04-18T10:17:19Z,e0195403,NA,4,13,NA,PLoS ONE,Plant DNA metabarcoding of lake sediments,NA,NA,NA,NA,NA,NA,en,NA,NA,NA,NA,DOI.org (Crossref),NA,NA,NA,NA,NA,NA,NA,"Carcaillet, Christopher",NA,NA,NA,NA,NA,NA,NA,NA,NA,NA,NA,NA,NA,NA,NA,NA,NA,NA,NA,NA,NA,NA,NA,NA,NA,NA,NA,NA,NA,NA,NA,NA,NA,NA,NA,NA,NA,NA,NA,NA,NA,NA,NA,NA,NA
BAILET_2020_DIA,FV9WU8B8,journalArticle,2020,"Bailet, Bonnie; Apothéloz-Perret-Gentil, Laure; Baričević, Ana; Chonova, Teofana; Franc, Alain; Frigerio, Jean-Marc; Kelly, Martyn; Mora, Demetrio; Pfannkuchen, Martin; Proft, Sebastian; Ramon, Mathieu; Vasselon, Valentin; Zimmermann, Jonas; Kahlert, Maria",Diatom DNA metabarcoding for ecological assessment: Comparison among bioinformatics pipelines used in six European countries reveals the need for standardization,Science of The Total Environment,NA,489697,10.1016/j.scitotenv.2020.140948,https://linkinghub.elsevier.com/retrieve/pii/S0048969720344776,NA,2020-11,2021-04-18T10:17:19Z,2021-04-18T10:17:19Z,2021-04-18T10:17:19Z,140948,NA,NA,745,NA,Science of The Total Environment,Diatom DNA metabarcoding for ecological assessment,NA,NA,NA,NA,NA,NA,en,NA,NA,NA,NA,DOI.org (Crossref),NA,NA,NA,NA,NA,NA,NA,NA,NA,NA,NA,NA,NA,NA,NA,NA,NA,NA,NA,NA,NA,NA,NA,NA,NA,NA,NA,NA,NA,NA,NA,NA,NA,NA,NA,NA,NA,NA,NA,NA,NA,NA,NA,NA,NA,NA,NA,NA,NA,NA,NA,NA,NA
PONT_2018_ENV,SUHZ5R4Y,journalArticle,2018,"Pont, Didier; Rocle, Mathieu; Valentini, Alice; Civade, Raphaël; Jean, Pauline; Maire, Anthony; Roset, Nicolas; Schabuss, Michael; Zornig, Horst; Dejean, Tony",Environmental DNA reveals quantitative patterns of fish biodiversity in large rivers despite its downstream transportation,Scientific Reports,NA,2045-2322,10.1038/s41598-018-28424-8,http://www.nature.com/articles/s41598-018-28424-8,NA,2018-12,2021-04-18T10:17:20Z,2021-04-18T10:17:20Z,2021-04-18T10:17:20Z,10361,NA,1,8,NA,Sci Rep,NA,NA,NA,NA,NA,NA,NA,en,NA,NA,NA,NA,DOI.org (Crossref),NA,NA,NA,NA,NA,NA,NA,NA,NA,NA,NA,NA,NA,NA,NA,NA,NA,NA,NA,NA,NA,NA,NA,NA,NA,NA,NA,NA,NA,NA,NA,NA,NA,NA,NA,NA,NA,NA,NA,NA,NA,NA,NA,NA,NA,NA,NA,NA,NA,NA,NA,NA,NA
SERRANA_2018_ECO,WR6VD7PF,journalArticle,2018,"Serrana, Joeselle M.; Yaegashi, Sakiko; Kondoh, Shunsuke; Li, Bin; Robinson, Christopher T.; Watanabe, Kozo",Ecological influence of sediment bypass tunnels on macroinvertebrates in dam-fragmented rivers by DNA metabarcoding,Scientific Reports,NA,2045-2322,10.1038/s41598-018-28624-2,http://www.nature.com/articles/s41598-018-28624-2,NA,2018-12,2021-04-18T10:17:20Z,2021-04-18T10:17:20Z,2021-04-18T10:17:20Z,10185,NA,1,8,NA,Sci Rep,NA,NA,NA,NA,NA,NA,NA,en,NA,NA,NA,NA,DOI.org (Crossref),NA,NA,NA,NA,NA,NA,NA,NA,NA,NA,NA,NA,NA,NA,NA,NA,NA,NA,NA,NA,NA,NA,NA,NA,NA,NA,NA,NA,NA,NA,NA,NA,NA,NA,NA,NA,NA,NA,NA,NA,NA,NA,NA,NA,NA,NA,NA,NA,NA,NA,NA,NA,NA
DJURHUUS_2018_EVA,TPHL3TSP,journalArticle,2018,"Djurhuus, Anni; Pitz, Kathleen; Sawaya, Natalie A.; Rojas-Márquez, Jaimie; Michaud, Brianna; Montes, Enrique; Muller-Karger, Frank; Breitbart, Mya",Evaluation of marine zooplankton community structure through environmental DNA metabarcoding: Metabarcoding zooplankton from eDNA,Limnology and Oceanography: Methods,NA,15415856,10.1002/lom3.10237,http://doi.wiley.com/10.1002/lom3.10237,NA,2018-04,2021-04-18T10:17:20Z,2021-04-18T10:17:20Z,2021-04-18T10:17:20Z,209-221,NA,4,16,NA,Limnol. Oceanogr. Methods,Evaluation of marine zooplankton community structure through environmental DNA metabarcoding,NA,NA,NA,NA,NA,NA,en,NA,NA,NA,NA,DOI.org (Crossref),NA,NA,NA,NA,NA,NA,NA,NA,NA,NA,NA,NA,NA,NA,NA,NA,NA,NA,NA,NA,NA,NA,NA,NA,NA,NA,NA,NA,NA,NA,NA,NA,NA,NA,NA,NA,NA,NA,NA,NA,NA,NA,NA,NA,NA,NA,NA,NA,NA,NA,NA,NA,NA
VISCO_2015_ENV,GTVJ22GY,journalArticle,2015,"Visco, Joana Amorim; Apothéloz-Perret-Gentil, Laure; Cordonier, Arielle; Esling, Philippe; Pillet, Loïc; Pawlowski, Jan",Environmental Monitoring: Inferring the Diatom Index from Next-Generation Sequencing Data,Environmental Science & Technology,NA,"0013-936X, 1520-5851",10.1021/es506158m,https://pubs.acs.org/doi/10.1021/es506158m,NA,2015-07-07,2021-04-18T10:17:21Z,2021-04-18T10:17:21Z,2021-04-18T10:17:21Z,7597-7605,NA,13,49,NA,Environ. Sci. Technol.,Environmental Monitoring,NA,NA,NA,NA,NA,NA,en,NA,NA,NA,NA,DOI.org (Crossref),NA,NA,NA,NA,NA,NA,NA,NA,NA,NA,NA,NA,NA,NA,NA,NA,NA,NA,NA,NA,NA,NA,NA,NA,NA,NA,NA,NA,NA,NA,NA,NA,NA,NA,NA,NA,NA,NA,NA,NA,NA,NA,NA,NA,NA,NA,NA,NA,NA,NA,NA,NA,NA
GRAN-STADNICZENKO_2017_HAP,AZ9YTVRM,journalArticle,2017,"Gran-Stadniczeñko, Sandra; Šupraha, Luka; Egge, Elianne D.; Edvardsen, Bente",Haptophyte Diversity and Vertical Distribution Explored by 18S and 28S Ribosomal RNA Gene Metabarcoding and Scanning Electron Microscopy,Journal of Eukaryotic Microbiology,NA,10665234,10.1111/jeu.12388,http://doi.wiley.com/10.1111/jeu.12388,NA,2017-07,2021-04-18T10:17:21Z,2021-04-18T10:17:21Z,2021-04-18T10:17:21Z,514-532,NA,4,64,NA,J. Eukaryot. Microbiol.,NA,NA,NA,NA,NA,NA,NA,en,NA,NA,NA,NA,DOI.org (Crossref),NA,NA,NA,NA,NA,NA,NA,NA,NA,NA,NA,NA,NA,NA,NA,NA,NA,NA,NA,NA,NA,NA,NA,NA,NA,NA,NA,NA,NA,NA,NA,NA,NA,NA,NA,NA,NA,NA,NA,NA,NA,NA,NA,NA,NA,NA,NA,NA,NA,NA,NA,NA,NA
BACHY_2013_ACC,YMA3AM8S,journalArticle,2013,"Bachy, Charles; Dolan, John R; López-García, Purificación; Deschamps, Philippe; Moreira, David",Accuracy of protist diversity assessments: morphology compared with cloning and direct pyrosequencing of 18S rRNA genes and ITS regions using the conspicuous tintinnid ciliates as a case study,The ISME Journal,NA,"1751-7362, 1751-7370",10.1038/ismej.2012.106,http://www.nature.com/articles/ismej2012106,NA,2013-02,2021-04-18T10:17:22Z,2021-04-18T10:17:22Z,2021-04-18T10:17:22Z,244-255,NA,2,7,NA,ISME J,Accuracy of protist diversity assessments,NA,NA,NA,NA,NA,NA,en,NA,NA,NA,NA,DOI.org (Crossref),NA,NA,NA,NA,NA,NA,NA,NA,NA,NA,NA,NA,NA,NA,NA,NA,NA,NA,NA,NA,NA,NA,NA,NA,NA,NA,NA,NA,NA,NA,NA,NA,NA,NA,NA,NA,NA,NA,NA,NA,NA,NA,NA,NA,NA,NA,NA,NA,NA,NA,NA,NA,NA
YANG_2017_ZOO,P4ZJIYWN,journalArticle,2017,"Yang, Jianghua; Zhang, Xiaowei; Xie, Yuwei; Song, Chao; Zhang, Yong; Yu, Hongxia; Burton, G. Allen",Zooplankton Community Profiling in a Eutrophic Freshwater Ecosystem-Lake Tai Basin by DNA Metabarcoding,Scientific Reports,NA,2045-2322,10.1038/s41598-017-01808-y,http://www.nature.com/articles/s41598-017-01808-y,NA,2017-12,2021-04-18T10:17:22Z,2021-04-18T10:17:22Z,2021-04-18T10:17:22Z,1773,NA,1,7,NA,Sci Rep,NA,NA,NA,NA,NA,NA,NA,en,NA,NA,NA,NA,DOI.org (Crossref),NA,NA,NA,NA,NA,NA,NA,NA,NA,NA,NA,NA,NA,NA,NA,NA,NA,NA,NA,NA,NA,NA,NA,NA,NA,NA,NA,NA,NA,NA,NA,NA,NA,NA,NA,NA,NA,NA,NA,NA,NA,NA,NA,NA,NA,NA,NA,NA,NA,NA,NA,NA,NA
KANG_2021_DIA,KF3QJSXW,journalArticle,2021,"Kang, Wengang; Anslan, Sten; Börner, Nicole; Schwarz, Anja; Schmidt, Robin; Künzel, Sven; Rioual, Patrick; Echeverría-Galindo, Paula; Vences, Miguel; Wang, Junbo; Schwalb, Antje","Diatom metabarcoding and microscopic analyses from sediment samples at Lake Nam Co, Tibet: The effect of sample-size and bioinformatics on the identified communities",Ecological Indicators,NA,1470160X,10.1016/j.ecolind.2020.107070,https://linkinghub.elsevier.com/retrieve/pii/S1470160X20310098,NA,2021-02,2021-04-18T10:17:22Z,2021-04-18T10:17:22Z,2021-04-18T10:17:22Z,107070,NA,NA,121,NA,Ecological Indicators,"Diatom metabarcoding and microscopic analyses from sediment samples at Lake Nam Co, Tibet",NA,NA,NA,NA,NA,NA,en,NA,NA,NA,NA,DOI.org (Crossref),NA,NA,NA,NA,NA,NA,NA,NA,NA,NA,NA,NA,NA,NA,NA,NA,NA,NA,NA,NA,NA,NA,NA,NA,NA,NA,NA,NA,NA,NA,NA,NA,NA,NA,NA,NA,NA,NA,NA,NA,NA,NA,NA,NA,NA,NA,NA,NA,NA,NA,NA,NA,NA
LEJZEROWICZ_2015_HIG,TMEAQNW5,journalArticle,2015,"Lejzerowicz, Franck; Esling, Philippe; Pillet, Loïc; Wilding, Thomas A.; Black, Kenneth D.; Pawlowski, Jan",High-throughput sequencing and morphology perform equally well for benthic monitoring of marine ecosystems,Scientific Reports,NA,2045-2322,10.1038/srep13932,http://www.nature.com/articles/srep13932,NA,2015-11,2021-04-18T10:17:22Z,2021-04-18T10:17:22Z,2021-04-18T10:17:22Z,13932,NA,1,5,NA,Sci Rep,NA,NA,NA,NA,NA,NA,NA,en,NA,NA,NA,NA,DOI.org (Crossref),NA,NA,NA,NA,NA,NA,NA,NA,NA,NA,NA,NA,NA,NA,NA,NA,NA,NA,NA,NA,NA,NA,NA,NA,NA,NA,NA,NA,NA,NA,NA,NA,NA,NA,NA,NA,NA,NA,NA,NA,NA,NA,NA,NA,NA,NA,NA,NA,NA,NA,NA,NA,NA
DZHEMBEKOVA_2020_COM,JDNG44PS,journalArticle,2020,"Dzhembekova, Nina; Rubino, Fernando; Nagai, Satoshi; Zlateva, Ivelina; Slabakova, Nataliya; Ivanova, Petya; Slabakova, Violeta; Moncheva, Snejana",Comparative analysis of morphological and molecular approaches integrated into the study of the dinoflagellate biodiversity within the recently deposited Black Sea sediments – benefits and drawbacks,Biodiversity Data Journal,NA,"1314-2828, 1314-2836",10.3897/BDJ.8.e55172,https://bdj.pensoft.net/article/55172/,"One of the assets, assigned to the phytoplankton resting stages, is that of serving as the “memory” of the aquatic ecosystems and preserved biodiversity in the course of time. However, an accurate cyst identification proves to be a more difficult and extremely challenging process, even today. In order to gain a better taxonomic coverage of cyst assemblages in the Black Sea, an integrated approach of the classical morphological identification with metabarcoding methods (MySeq sequencing of V7-V9 regions of the 18S rDNA) was applied on thirteen surface sediment samples collected from different sites. A total number of 112 dinoflagellate taxa was detected at the species level and ascribed to 51 genera. In general, it is the molecular analysis that yields a higher number of taxa as compared to those obtained through the morphological taxonomy (66 taxa based on the DNA sequences versus 56 morphologically-identified taxa). Besides, it should be pointed out that the integrated dataset includes 14 potentially toxic dinoflagellate species. Discerned, subsequently, was a good dataset consistency for ten species, followed by some discrepancies as to a number of taxa, identified with one of the methods only, due to specific methodological biases. On the whole, it could be concluded that the combination of morphological and molecular methods is likely to increase the potential for a more reliable taxonomic assessment of phytoplankton diversity in marine sediments which, in turn, proves conclusively the utmost importance of the integrated approach.",2020-08-18,2021-04-18T10:17:24Z,2021-04-18T10:17:24Z,2021-04-18T10:17:24Z,e55172,NA,NA,8,NA,BDJ,NA,NA,NA,NA,NA,NA,NA,NA,NA,NA,NA,NA,DOI.org (Crossref),NA,NA,NA,NA,NA,NA,NA,NA,NA,NA,NA,NA,NA,NA,NA,NA,NA,NA,NA,NA,NA,NA,NA,NA,NA,NA,NA,NA,NA,NA,NA,NA,NA,NA,NA,NA,NA,NA,NA,NA,NA,NA,NA,NA,NA,NA,NA,NA,NA,NA,NA,NA,NA
ZIMMERMANN_2015_MET,JIWZM8TJ,journalArticle,2015,"Zimmermann, Jonas; Glöckner, Gernot; Jahn, Regine; Enke, Neela; Gemeinholzer, Birgit",Metabarcoding vs. morphological identification to assess diatom diversity in environmental studies,Molecular Ecology Resources,NA,1755098X,10.1111/1755-0998.12336,http://doi.wiley.com/10.1111/1755-0998.12336,NA,2015-05,2021-04-18T10:17:24Z,2021-04-18T10:17:24Z,2021-04-18T10:17:24Z,526-542,NA,3,15,NA,Mol Ecol Resour,NA,NA,NA,NA,NA,NA,NA,en,NA,NA,NA,NA,DOI.org (Crossref),NA,NA,NA,NA,NA,NA,NA,NA,NA,NA,NA,NA,NA,NA,NA,NA,NA,NA,NA,NA,NA,NA,NA,NA,NA,NA,NA,NA,NA,NA,NA,NA,NA,NA,NA,NA,NA,NA,NA,NA,NA,NA,NA,NA,NA,NA,NA,NA,NA,NA,NA,NA,NA
LEESE_2021_IMP,8FX98YBZ,journalArticle,2021,"Leese, Florian; Sander, Mandy; Buchner, Dominik; Elbrecht, Vasco; Haase, Peter; Zizka, Vera M. A.",Improved freshwater macroinvertebrate detection from environmental DNA through minimized nontarget amplification,Environmental DNA,NA,"2637-4943, 2637-4943",10.1002/edn3.177,https://onlinelibrary.wiley.com/doi/10.1002/edn3.177,NA,2021-01,2021-04-18T10:17:24Z,2021-04-18T10:17:24Z,2021-04-18T10:17:24Z,261-276,NA,1,3,NA,Environmental DNA,NA,NA,NA,NA,NA,NA,NA,en,NA,NA,NA,NA,DOI.org (Crossref),NA,NA,NA,NA,NA,NA,NA,NA,NA,NA,NA,NA,NA,NA,NA,NA,NA,NA,NA,NA,NA,NA,NA,NA,NA,NA,NA,NA,NA,NA,NA,NA,NA,NA,NA,NA,NA,NA,NA,NA,NA,NA,NA,NA,NA,NA,NA,NA,NA,NA,NA,NA,NA
VIVIEN_2019_TES,7WLJSZMQ,journalArticle,2019,"Vivien, Régis; Apothéloz-Perret-Gentil, Laure; Pawlowski, Jan; Werner, Inge; Ferrari, Benoit J.D.",Testing different (e)DNA metabarcoding approaches to assess aquatic oligochaete diversity and the biological quality of sediments,Ecological Indicators,NA,1470160X,10.1016/j.ecolind.2019.105453,https://linkinghub.elsevier.com/retrieve/pii/S1470160X19304388,NA,2019-11,2021-04-18T10:17:24Z,2021-04-18T10:17:24Z,2021-04-18T10:17:24Z,105453,NA,NA,106,NA,Ecological Indicators,NA,NA,NA,NA,NA,NA,NA,en,NA,NA,NA,NA,DOI.org (Crossref),NA,NA,NA,NA,NA,NA,NA,NA,NA,NA,NA,NA,NA,NA,NA,NA,NA,NA,NA,NA,NA,NA,NA,NA,NA,NA,NA,NA,NA,NA,NA,NA,NA,NA,NA,NA,NA,NA,NA,NA,NA,NA,NA,NA,NA,NA,NA,NA,NA,NA,NA,NA,NA
SCHROEDER_2020_DNA,U2S3NW2M,journalArticle,2020,"Schroeder, Anna; Stanković, David; Pallavicini, Alberto; Gionechetti, Fabrizia; Pansera, Marco; Camatti, Elisa",DNA metabarcoding and morphological analysis - Assessment of zooplankton biodiversity in transitional waters,Marine Environmental Research,NA,1411136,10.1016/j.marenvres.2020.104946,https://linkinghub.elsevier.com/retrieve/pii/S0141113619308852,NA,2020-09,2021-04-18T10:17:25Z,2021-04-18T10:17:25Z,2021-04-18T10:17:25Z,104946,NA,NA,160,NA,Marine Environmental Research,NA,NA,NA,NA,NA,NA,NA,en,NA,NA,NA,NA,DOI.org (Crossref),NA,NA,NA,NA,NA,NA,NA,NA,NA,NA,NA,NA,NA,NA,NA,NA,NA,NA,NA,NA,NA,NA,NA,NA,NA,NA,NA,NA,NA,NA,NA,NA,NA,NA,NA,NA,NA,NA,NA,NA,NA,NA,NA,NA,NA,NA,NA,NA,NA,NA,NA,NA,NA
LI_2019_MET,IPYJ5G9N,journalArticle,2019,"Li, XiaoChuang; Huo, Shouliang; Zhang, Jingtian; Ma, Chunzi; Xiao, Zhe; Zhang, Hanxiao; Xi, Beidou; Xia, Xinghui",Metabarcoding reveals a more complex cyanobacterial community than morphological identification,Ecological Indicators,NA,1470160X,10.1016/j.ecolind.2019.105653,https://linkinghub.elsevier.com/retrieve/pii/S1470160X19306466,NA,2019-12,2021-04-18T10:17:25Z,2021-04-18T10:17:25Z,2021-04-18T10:17:25Z,105653,NA,NA,107,NA,Ecological Indicators,NA,NA,NA,NA,NA,NA,NA,en,NA,NA,NA,NA,DOI.org (Crossref),NA,NA,NA,NA,NA,NA,NA,NA,NA,NA,NA,NA,NA,NA,NA,NA,NA,NA,NA,NA,NA,NA,NA,NA,NA,NA,NA,NA,NA,NA,NA,NA,NA,NA,NA,NA,NA,NA,NA,NA,NA,NA,NA,NA,NA,NA,NA,NA,NA,NA,NA,NA,NA
VALENTINI_2016_NEX,PEBW2UTV,journalArticle,2016,"Valentini, Alice; Taberlet, Pierre; Miaud, Claude; Civade, Raphaël; Herder, Jelger; Thomsen, Philip Francis; Bellemain, Eva; Besnard, Aurélien; Coissac, Eric; Boyer, Frédéric; Gaboriaud, Coline; Jean, Pauline; Poulet, Nicolas; Roset, Nicolas; Copp, Gordon H.; Geniez, Philippe; Pont, Didier; Argillier, Christine; Baudoin, Jean-Marc; Peroux, Tiphaine; Crivelli, Alain J.; Olivier, Anthony; Acqueberge, Manon; Le Brun, Matthieu; Møller, Peter R.; Willerslev, Eske; Dejean, Tony",Next-generation monitoring of aquatic biodiversity using environmental DNA metabarcoding,Molecular Ecology,NA,9621083,10.1111/mec.13428,http://doi.wiley.com/10.1111/mec.13428,NA,2016-02,2021-04-18T10:17:26Z,2021-04-18T10:17:26Z,2021-04-18T10:17:25Z,929-942,NA,4,25,NA,Mol Ecol,NA,NA,NA,NA,NA,NA,NA,en,NA,NA,NA,NA,DOI.org (Crossref),NA,NA,NA,NA,NA,NA,NA,NA,NA,NA,NA,NA,NA,NA,NA,NA,NA,NA,NA,NA,NA,NA,NA,NA,NA,NA,NA,NA,NA,NA,NA,NA,NA,NA,NA,NA,NA,NA,NA,NA,NA,NA,NA,NA,NA,NA,NA,NA,NA,NA,NA,NA,NA
HUANG_2020_GEN,VJPR8EL9,journalArticle,2020,"Huang, S.; Herzschuh, U.; Pestryakova, L. A.; Zimmermann, H. H.; Davydova, P.; Biskaborn, B. K.; Shevtsova, I.; Stoof-Leichsenring, K. R.",Genetic and morphologic determination of diatom community composition in surface sediments from glacial and thermokarst lakes in the Siberian Arctic,Journal of Paleolimnology,NA,"0921-2728, 1573-0417",10.1007/s10933-020-00133-1,http://link.springer.com/10.1007/s10933-020-00133-1,NA,2020-10,2021-04-18T10:17:26Z,2021-04-18T10:17:26Z,2021-04-18T10:17:25Z,225-242,NA,3,64,NA,J Paleolimnol,NA,NA,NA,NA,NA,NA,NA,en,NA,NA,NA,NA,DOI.org (Crossref),NA,NA,NA,NA,NA,NA,NA,NA,NA,NA,NA,NA,NA,NA,NA,NA,NA,NA,NA,NA,NA,NA,NA,NA,NA,NA,NA,NA,NA,NA,NA,NA,NA,NA,NA,NA,NA,NA,NA,NA,NA,NA,NA,NA,NA,NA,NA,NA,NA,NA,NA,NA,NA
LEDUC_2019_COM,UIYP3DFT,journalArticle,2019,"Leduc, Noémie; Lacoursière‐Roussel, Anaïs; Howland, Kimberly L.; Archambault, Philippe; Sevellec, Maelle; Normandeau, Eric; Dispas, Antoine; Winkler, Gesche; McKindsey, Christopher W.; Simard, Nathalie; Bernatchez, Louis",Comparing eDNA metabarcoding and species collection for documenting Arctic metazoan biodiversity,Environmental DNA,NA,"2637-4943, 2637-4943",10.1002/edn3.35,https://onlinelibrary.wiley.com/doi/abs/10.1002/edn3.35,NA,2019-11,2021-04-18T10:17:26Z,2021-04-18T10:17:26Z,2021-04-18T10:17:26Z,342-358,NA,4,1,NA,Environmental DNA,NA,NA,NA,NA,NA,NA,NA,en,NA,NA,NA,NA,DOI.org (Crossref),NA,NA,NA,NA,NA,NA,NA,NA,NA,NA,NA,NA,NA,NA,NA,NA,NA,NA,NA,NA,NA,NA,NA,NA,NA,NA,NA,NA,NA,NA,NA,NA,NA,NA,NA,NA,NA,NA,NA,NA,NA,NA,NA,NA,NA,NA,NA,NA,NA,NA,NA,NA,NA
CAHILL_2018_ACO,TE9YJ7X6,journalArticle,2018,"Cahill, Abigail E.; Pearman, John K.; Borja, Angel; Carugati, Laura; Carvalho, Susana; Danovaro, Roberto; Dashfield, Sarah; David, Romain; Féral, Jean-Pierre; Olenin, Sergej; Šiaulys, Andrius; Somerfield, Paul J.; Trayanova, Antoaneta; Uyarra, Maria C.; Chenuil, Anne",A comparative analysis of metabarcoding and morphology-based identification of benthic communities across different regional seas,Ecology and Evolution,NA,20457758,10.1002/ece3.4283,http://doi.wiley.com/10.1002/ece3.4283,NA,2018-09,2021-04-18T10:17:26Z,2021-04-18T10:17:26Z,2021-04-18T10:17:26Z,8908-8920,NA,17,8,NA,Ecol Evol,NA,NA,NA,NA,NA,NA,NA,en,NA,NA,NA,NA,DOI.org (Crossref),NA,NA,NA,NA,NA,NA,NA,NA,NA,NA,NA,NA,NA,NA,NA,NA,NA,NA,NA,NA,NA,NA,NA,NA,NA,NA,NA,NA,NA,NA,NA,NA,NA,NA,NA,NA,NA,NA,NA,NA,NA,NA,NA,NA,NA,NA,NA,NA,NA,NA,NA,NA,NA
MCDEVITT_2019_ENV,LKGHIVGW,journalArticle,2019,"McDevitt, Allan D.; Sales, Naiara Guimarães; Browett, Samuel S.; Sparnenn, Abbie O.; Mariani, Stefano; Wangensteen, Owen S.; Coscia, Ilaria; Benvenuto, Chiara",Environmental DNA metabarcoding as an effective and rapid tool for fish monitoring in canals,Journal of Fish Biology,NA,"0022-1112, 1095-8649",10.1111/jfb.14053,https://onlinelibrary.wiley.com/doi/abs/10.1111/jfb.14053,NA,2019-08,2021-04-18T10:17:26Z,2021-04-18T10:17:26Z,2021-04-18T10:17:26Z,679-682,NA,2,95,NA,J Fish Biol,NA,NA,NA,NA,NA,NA,NA,en,NA,NA,NA,NA,DOI.org (Crossref),NA,NA,NA,NA,NA,NA,NA,NA,NA,NA,NA,NA,NA,NA,NA,NA,NA,NA,NA,NA,NA,NA,NA,NA,NA,NA,NA,NA,NA,NA,NA,NA,NA,NA,NA,NA,NA,NA,NA,NA,NA,NA,NA,NA,NA,NA,NA,NA,NA,NA,NA,NA,NA
MARSHALL_2020_MAC,3CZWVISC,journalArticle,2020,"Marshall, Nathaniel T.; Stepien, Carol A.",Macroinvertebrate community diversity and habitat quality relationships along a large river from targeted eDNA metabarcode assays,Environmental DNA,NA,"2637-4943, 2637-4943",10.1002/edn3.90,https://onlinelibrary.wiley.com/doi/10.1002/edn3.90,NA,2020-10,2021-04-18T10:17:27Z,2021-04-18T10:17:27Z,2021-04-18T10:17:27Z,572-586,NA,4,2,NA,Environmental DNA,NA,NA,NA,NA,NA,NA,NA,en,NA,NA,NA,NA,DOI.org (Crossref),NA,NA,NA,NA,NA,NA,NA,NA,NA,NA,NA,NA,NA,NA,NA,NA,NA,NA,NA,NA,NA,NA,NA,NA,NA,NA,NA,NA,NA,NA,NA,NA,NA,NA,NA,NA,NA,NA,NA,NA,NA,NA,NA,NA,NA,NA,NA,NA,NA,NA,NA,NA,NA
ERDOZAIN_2019_MET,CZN3Z86R,journalArticle,2019,"Erdozain, Maitane; Thompson, Dean G.; Porter, Teresita M.; Kidd, Karen A.; Kreutzweiser, David P.; Sibley, Paul K.; Swystun, Tom; Chartrand, Derek; Hajibabaei, Mehrdad",Metabarcoding of storage ethanol vs. conventional morphometric identification in relation to the use of stream macroinvertebrates as ecological indicators in forest management,Ecological Indicators,NA,1470160X,10.1016/j.ecolind.2019.01.014,https://linkinghub.elsevier.com/retrieve/pii/S1470160X19300147,NA,2019-06,2021-04-18T10:17:27Z,2021-04-18T10:17:27Z,2021-04-18T10:17:27Z,173-184,NA,NA,101,NA,Ecological Indicators,NA,NA,NA,NA,NA,NA,NA,en,NA,NA,NA,NA,DOI.org (Crossref),NA,NA,NA,NA,NA,NA,NA,NA,NA,NA,NA,NA,NA,NA,NA,NA,NA,NA,NA,NA,NA,NA,NA,NA,NA,NA,NA,NA,NA,NA,NA,NA,NA,NA,NA,NA,NA,NA,NA,NA,NA,NA,NA,NA,NA,NA,NA,NA,NA,NA,NA,NA,NA
HANFLING_2016_ENV,H3XM2JVT,journalArticle,2016,"Hänfling, Bernd; Lawson Handley, Lori; Read, Daniel S.; Hahn, Christoph; Li, Jianlong; Nichols, Paul; Blackman, Rosetta C.; Oliver, Anna; Winfield, Ian J.",Environmental DNA metabarcoding of lake fish communities reflects long-term data from established survey methods,Molecular Ecology,NA,9621083,10.1111/mec.13660,http://doi.wiley.com/10.1111/mec.13660,NA,2016-07,2021-04-18T10:17:27Z,2021-04-18T10:17:27Z,2021-04-18T10:17:27Z,3101-3119,NA,13,25,NA,Mol Ecol,NA,NA,NA,NA,NA,NA,NA,en,NA,NA,NA,NA,DOI.org (Crossref),NA,NA,NA,NA,NA,NA,NA,NA,NA,NA,NA,NA,NA,NA,NA,NA,NA,NA,NA,NA,NA,NA,NA,NA,NA,NA,NA,NA,NA,NA,NA,NA,NA,NA,NA,NA,NA,NA,NA,NA,NA,NA,NA,NA,NA,NA,NA,NA,NA,NA,NA,NA,NA
FERNANDEZ_2021_COM,D6L5ZE2G,journalArticle,2021,"Polanco Fernández, Andrea; Marques, Virginie; Fopp, Fabian; Juhel, Jean‐Baptiste; Borrero‐Pérez, Giomar Helena; Cheutin, Marie‐Charlotte; Dejean, Tony; González Corredor, Juan David; Acosta‐Chaparro, Andrés; Hocdé, Régis; Eme, David; Maire, Eva; Spescha, Manuel; Valentini, Alice; Manel, Stéphanie; Mouillot, David; Albouy, Camille; Pellissier, Loïc",Comparing environmental DNA metabarcoding and underwater visual census to monitor tropical reef fishes,Environmental DNA,NA,"2637-4943, 2637-4943",10.1002/edn3.140,https://onlinelibrary.wiley.com/doi/10.1002/edn3.140,NA,2021-01,2021-04-18T10:17:27Z,2021-04-18T10:17:27Z,2021-04-18T10:17:27Z,142-156,NA,1,3,NA,Environmental DNA,NA,NA,NA,NA,NA,NA,NA,en,NA,NA,NA,NA,DOI.org (Crossref),NA,NA,NA,NA,NA,NA,NA,NA,NA,NA,NA,NA,NA,NA,NA,NA,NA,NA,NA,NA,NA,NA,NA,NA,NA,NA,NA,NA,NA,NA,NA,NA,NA,NA,NA,NA,NA,NA,NA,NA,NA,NA,NA,NA,NA,NA,NA,NA,NA,NA,NA,NA,NA
MAECHLER_2019_ASS,XDWQAIWG,journalArticle,2019,"Mächler, Elvira; Little, Chelsea J.; Wüthrich, Remo; Alther, Roman; Fronhofer, Emanuel A.; Gounand, Isabelle; Harvey, Eric; Hürlemann, Samuel; Walser, Jean‐Claude; Altermatt, Florian",Assessing different components of diversity across a river network using eDNA,Environmental DNA,NA,"2637-4943, 2637-4943",10.1002/edn3.33,https://onlinelibrary.wiley.com/doi/abs/10.1002/edn3.33,NA,2019-09,2021-04-18T10:17:27Z,2021-04-18T10:17:27Z,2021-04-18T10:17:27Z,290-301,NA,3,1,NA,Environmental DNA,NA,NA,NA,NA,NA,NA,NA,en,NA,NA,NA,NA,DOI.org (Crossref),NA,NA,NA,NA,NA,NA,NA,NA,NA,NA,NA,NA,NA,NA,NA,NA,NA,NA,NA,NA,NA,NA,NA,NA,NA,NA,NA,NA,NA,NA,NA,NA,NA,NA,NA,NA,NA,NA,NA,NA,NA,NA,NA,NA,NA,NA,NA,NA,NA,NA,NA,NA,NA
NUNES_2019_ACO,ANHYPD8W,journalArticle,2019,"Nunes, M; Adams, Jb; Van Aswegen, S; Matcher, Gf","A comparison between the morphological and molecular approach to identify the benthic diatom community in the St Lucia Estuary, South Africa",African Journal of Marine Science,NA,"1814-232X, 1814-2338",10.2989/1814232X.2019.1689169,https://www.tandfonline.com/doi/full/10.2989/1814232X.2019.1689169,NA,2019-12-17,2021-04-18T10:17:28Z,2021-04-18T10:17:28Z,2021-04-18T10:17:27Z,429-442,NA,4,41,NA,African Journal of Marine Science,NA,NA,NA,NA,NA,NA,NA,en,NA,NA,NA,NA,DOI.org (Crossref),NA,NA,NA,NA,NA,NA,NA,NA,NA,NA,NA,NA,NA,NA,NA,NA,NA,NA,NA,NA,NA,NA,NA,NA,NA,NA,NA,NA,NA,NA,NA,NA,NA,NA,NA,NA,NA,NA,NA,NA,NA,NA,NA,NA,NA,NA,NA,NA,NA,NA,NA,NA,NA
FERNANDEZ_2019_HOW,E4YM4QEG,journalArticle,2019,"Fernández, Sara; Rodríguez‐Martínez, Saúl; Martínez, Jose L.; Garcia‐Vazquez, Eva; Ardura, Alba","How can eDNA contribute in riverine macroinvertebrate assessment? A metabarcoding approach in the Nalón River (Asturias, Northern Spain)",Environmental DNA,NA,"2637-4943, 2637-4943",10.1002/edn3.40,https://onlinelibrary.wiley.com/doi/abs/10.1002/edn3.40,NA,2019-11,2021-04-18T10:17:28Z,2021-04-18T10:17:28Z,2021-04-18T10:17:28Z,385-401,NA,4,1,NA,Environmental DNA,How can eDNA contribute in riverine macroinvertebrate assessment?,NA,NA,NA,NA,NA,NA,en,NA,NA,NA,NA,DOI.org (Crossref),NA,NA,NA,NA,NA,NA,NA,NA,NA,NA,NA,NA,NA,NA,NA,NA,NA,NA,NA,NA,NA,NA,NA,NA,NA,NA,NA,NA,NA,NA,NA,NA,NA,NA,NA,NA,NA,NA,NA,NA,NA,NA,NA,NA,NA,NA,NA,NA,NA,NA,NA,NA,NA
STEYAERT_2020_ADV,CBM33P4N,journalArticle,2020,"Steyaert, Margaux; Priestley, Victoria; Osborne, Owen; Herraiz, Alba; Arnold, Richard; Savolainen, Vincent",Advances in metabarcoding techniques bring us closer to reliable monitoring of the marine benthos,Journal of Applied Ecology,NA,"0021-8901, 1365-2664",10.1111/1365-2664.13729,https://onlinelibrary.wiley.com/doi/10.1111/1365-2664.13729,NA,2020-11,2021-04-18T10:17:28Z,2021-04-18T10:17:28Z,2021-04-18T10:17:28Z,2234-2245,NA,11,57,NA,J Appl Ecol,NA,NA,NA,NA,NA,NA,NA,en,NA,NA,NA,NA,DOI.org (Crossref),NA,NA,NA,NA,NA,NA,NA,"Paiva, Vitor",NA,NA,NA,NA,NA,NA,NA,NA,NA,NA,NA,NA,NA,NA,NA,NA,NA,NA,NA,NA,NA,NA,NA,NA,NA,NA,NA,NA,NA,NA,NA,NA,NA,NA,NA,NA,NA,NA,NA,NA,NA,NA,NA,NA,NA
HAYAMI_2020_EFF,Z87J83KF,journalArticle,2020,"Hayami, Kana; Sakata, Masayuki K.; Inagawa, Takashi; Okitsu, Jiro; Katano, Izumi; Doi, Hideyuki; Nakai, Katsuki; Ichiyanagi, Hidetaka; Gotoh, Ryo O.; Miya, Masaki; Sato, Hirotoshi; Yamanaka, Hiroki; Minamoto, Toshifumi",Effects of sampling seasons and locations on fish environmental DNA metabarcoding in dam reservoirs,Ecology and Evolution,NA,"2045-7758, 2045-7758",10.1002/ece3.6279,https://onlinelibrary.wiley.com/doi/abs/10.1002/ece3.6279,NA,2020-06,2021-04-18T10:17:28Z,2021-04-18T10:17:28Z,2021-04-18T10:17:28Z,5354-5367,NA,12,10,NA,Ecol Evol,NA,NA,NA,NA,NA,NA,NA,en,NA,NA,NA,NA,DOI.org (Crossref),NA,NA,NA,NA,NA,NA,NA,NA,NA,NA,NA,NA,NA,NA,NA,NA,NA,NA,NA,NA,NA,NA,NA,NA,NA,NA,NA,NA,NA,NA,NA,NA,NA,NA,NA,NA,NA,NA,NA,NA,NA,NA,NA,NA,NA,NA,NA,NA,NA,NA,NA,NA,NA
LAINI_2020_EXP,ERLVD645,journalArticle,2020,"Laini, Alex; Beermann, Arne J.; Bolpagni, Rossano; Burgazzi, Gemma; Elbrecht, Vasco; Zizka, Vera M. A.; Leese, Florian; Viaroli, Pierluigi",Exploring the potential of metabarcoding to disentangle macroinvertebrate community dynamics in intermittent streams,Metabarcoding and Metagenomics,NA,2534-9708,10.3897/mbmg.4.51433,https://mbmg.pensoft.net/article/51433/,"Taxonomic sufficiency represents the level of taxonomic detail needed to detect ecological patterns to a level that match the requirement of a study. Most bioassessments apply the taxonomic sufficiency concept and assign specimens to the family or genus level given time constraints and the difficulty to correctly identify species. This holds particularly true for stream invertebrates because small and morphologically similar larvae are hard to distinguish. Low taxonomic resolution may hinder detecting true community dynamics, which thus leads to incorrect inferences about community assembly processes. DNA metabarcoding is a new, affordable and cost-effective tool for the identification of multiple species from bulk samples of organisms. As it provides high taxonomic resolution, it can be used to compare results obtained from different identification levels. Measuring the effect of taxonomic resolution on the detection of community dynamics is especially interesting in extreme ecosystems like intermittent streams to test if species at intermittent sites are subsets of those from perennial sources or if independently recruiting taxa exist. Here we aimed to compare the performance of morphological identification and metabarcoding to detect macroinvertebrate community dynamics in the Trebbia River (Italy). Macroinvertebrates were collected from four perennial and two intermittent sites two months after flow resumption and before the next dry phase. The identification level ranged from family to haplotype. Metabarcoding and morphological identifications found similar alpha diversity patterns when looking at family and mixed taxonomic levels. Increasing taxonomic resolution with metabarcoding revealed a strong partitioning of beta diversity in nestedness and turnover components. At flow resumption, beta diversity at intermittent sites was dominated by nestedness when family-level information was employed, while turnover was evidenced as the most important component when using Operational Taxonomic Units (OTUs) or haplotypes. The increased taxonomic resolution with metabarcoding allowed us to detect species adapted to deal with intermittency, like the chironomid               Cricotopus bicinctus               and the ephemeropteran               Cloeon dipterum               . Our study thus shows that family and mixed taxonomic level are not sufficient to detect all aspects of macroinvertebrate community dynamics. High taxonomic resolution is especially important for intermittent streams where accurate information about species-specific habitat preference is needed to interpret diversity patterns induced by drying and the nestedness/turnover components of beta diversity are of interest to understand community assembly processes.",2020-08-28,2021-04-18T10:17:28Z,2021-04-18T10:17:28Z,2021-04-18T10:17:28Z,e51433,NA,NA,4,NA,MBMG,NA,NA,NA,NA,NA,NA,NA,NA,NA,NA,NA,NA,DOI.org (Crossref),NA,NA,NA,NA,NA,NA,NA,NA,NA,NA,NA,NA,NA,NA,NA,NA,NA,NA,NA,NA,NA,NA,NA,NA,NA,NA,NA,NA,NA,NA,NA,NA,NA,NA,NA,NA,NA,NA,NA,NA,NA,NA,NA,NA,NA,NA,NA,NA,NA,NA,NA,NA,NA
KUNTKE_2020_STR,EI2KVNLV,journalArticle,2020,"Kuntke, Franziska; de Jonge, Nadieh; Hesselsøe, Martin; Lund Nielsen, Jeppe",Stream water quality assessment by metabarcoding of invertebrates,Ecological Indicators,NA,1470160X,10.1016/j.ecolind.2019.105982,https://linkinghub.elsevier.com/retrieve/pii/S1470160X1930977X,NA,2020-04,2021-04-18T10:17:29Z,2021-04-18T10:17:29Z,2021-04-18T10:17:29Z,105982,NA,NA,111,NA,Ecological Indicators,NA,NA,NA,NA,NA,NA,NA,en,NA,NA,NA,NA,DOI.org (Crossref),NA,NA,NA,NA,NA,NA,NA,NA,NA,NA,NA,NA,NA,NA,NA,NA,NA,NA,NA,NA,NA,NA,NA,NA,NA,NA,NA,NA,NA,NA,NA,NA,NA,NA,NA,NA,NA,NA,NA,NA,NA,NA,NA,NA,NA,NA,NA,NA,NA,NA,NA,NA,NA
COWART_2015_MET,HFBGASGW,journalArticle,2015,"Cowart, Dominique A.; Pinheiro, Miguel; Mouchel, Olivier; Maguer, Marion; Grall, Jacques; Miné, Jacques; Arnaud-Haond, Sophie",Metabarcoding Is Powerful yet Still Blind: A Comparative Analysis of Morphological and Molecular Surveys of Seagrass Communities,PLOS ONE,NA,1932-6203,10.1371/journal.pone.0117562,https://dx.plos.org/10.1371/journal.pone.0117562,NA,2015-02-10,2021-04-18T10:17:29Z,2021-04-18T10:17:29Z,2021-04-18T10:17:29Z,e0117562,NA,2,10,NA,PLoS ONE,Metabarcoding Is Powerful yet Still Blind,NA,NA,NA,NA,NA,NA,en,NA,NA,NA,NA,DOI.org (Crossref),NA,NA,NA,NA,NA,NA,NA,"Mazzuca, Silvia",NA,NA,NA,NA,NA,NA,NA,NA,NA,NA,NA,NA,NA,NA,NA,NA,NA,NA,NA,NA,NA,NA,NA,NA,NA,NA,NA,NA,NA,NA,NA,NA,NA,NA,NA,NA,NA,NA,NA,NA,NA,NA,NA,NA,NA
BLEIJSWIJK_2020_ANA,DYHJYZMV,journalArticle,2020,"Bleijswijk, Judith D. L.; Engelmann, Julia C.; Klunder, Lise; Witte, Harry J.; Witte, Johannes IJ.; Veer, Henk W.",Analysis of a coastal North Sea fish community: Comparison of aquatic environmental DNA concentrations to fish catches,Environmental DNA,NA,"2637-4943, 2637-4943",10.1002/edn3.67,https://onlinelibrary.wiley.com/doi/10.1002/edn3.67,NA,2020-10,2021-04-18T10:17:29Z,2021-04-18T10:17:29Z,2021-04-18T10:17:29Z,429-445,NA,4,2,NA,Environmental DNA,Analysis of a coastal North Sea fish community,NA,NA,NA,NA,NA,NA,en,NA,NA,NA,NA,DOI.org (Crossref),NA,NA,NA,NA,NA,NA,NA,NA,NA,NA,NA,NA,NA,NA,NA,NA,NA,NA,NA,NA,NA,NA,NA,NA,NA,NA,NA,NA,NA,NA,NA,NA,NA,NA,NA,NA,NA,NA,NA,NA,NA,NA,NA,NA,NA,NA,NA,NA,NA,NA,NA,NA,NA
ABAD_2016_ISM,8LZ8AXEI,journalArticle,2016,"Abad, David; Albaina, Aitor; Aguirre, Mikel; Laza-Martínez, Aitor; Uriarte, Ibon; Iriarte, Arantza; Villate, Fernando; Estonba, Andone",Is metabarcoding suitable for estuarine plankton monitoring? A comparative study with microscopy,Marine Biology,NA,"0025-3162, 1432-1793",10.1007/s00227-016-2920-0,http://link.springer.com/10.1007/s00227-016-2920-0,NA,2016-07,2021-04-18T10:17:29Z,2021-04-18T10:17:29Z,2021-04-18T10:17:29Z,149,NA,7,163,NA,Mar Biol,Is metabarcoding suitable for estuarine plankton monitoring?,NA,NA,NA,NA,NA,NA,en,NA,NA,NA,NA,DOI.org (Crossref),NA,NA,NA,NA,NA,NA,NA,NA,NA,NA,NA,NA,NA,NA,NA,NA,NA,NA,NA,NA,NA,NA,NA,NA,NA,NA,NA,NA,NA,NA,NA,NA,NA,NA,NA,NA,NA,NA,NA,NA,NA,NA,NA,NA,NA,NA,NA,NA,NA,NA,NA,NA,NA
HARVEY_2017_COM,8FFPG8SU,journalArticle,2017,"Harvey, Julio B.J.; Johnson, Shannon B.; Fisher, Jennifer L.; Peterson, William T.; Vrijenhoek, Robert C.",Comparison of morphological and next generation DNA sequencing methods for assessing zooplankton assemblages,Journal of Experimental Marine Biology and Ecology,NA,220981,10.1016/j.jembe.2016.12.002,https://linkinghub.elsevier.com/retrieve/pii/S0022098116303240,NA,2017-02,2021-04-18T10:17:30Z,2021-04-18T10:17:30Z,2021-04-18T10:17:30Z,113-126,NA,NA,487,NA,Journal of Experimental Marine Biology and Ecology,NA,NA,NA,NA,NA,NA,NA,en,NA,NA,NA,NA,DOI.org (Crossref),NA,NA,NA,NA,NA,NA,NA,NA,NA,NA,NA,NA,NA,NA,NA,NA,NA,NA,NA,NA,NA,NA,NA,NA,NA,NA,NA,NA,NA,NA,NA,NA,NA,NA,NA,NA,NA,NA,NA,NA,NA,NA,NA,NA,NA,NA,NA,NA,NA,NA,NA,NA,NA
UCHIDA_2020_AQU,MRCJXWZ5,journalArticle,2020,"Uchida, Noriko; Kubota, Kengo; Aita, Shunsuke; Kazama, So",Aquatic insect community structure revealed by eDNA metabarcoding derives indices for environmental assessment,PeerJ,NA,2167-8359,10.7717/peerj.9176,https://peerj.com/articles/9176,"Environmental DNA (eDNA) analysis provides an efficient and objective approach for monitoring and assessing ecological status; however, studies on the eDNA of aquatic insects, such as Ephemeroptera, Plecoptera, and Trichoptera (EPT), are limited despite its potential as a useful indicator of river health. Here, we investigated the community structures of aquatic insects using eDNA and evaluated the applicability of eDNA data for calculating assessment indices. Field surveys were conducted to sample river water for eDNA at six locations from upstream to downstream of two rivers in Japan in July and November 2016. Simultaneously, aquatic insects were collected using the traditional Surber net survey method. The communities of aquatic insects were revealed using eDNA by targeting the cytochrome oxidase subunit I gene in mitochondrial DNA via metabarcoding analyses. As a result, the eDNA revealed 63 families and 75 genera of aquatic insects, which was double than that detected by the Surber net survey (especially for families in Diptera and Hemiptera). The seasonal differences of communities were distinguished by both the eDNA and Surber net survey data. Furthermore, the total nitrogen concentration, a surrogate of organic pollution, showed positive correlations with biotic environmental assessment indices (i.e., EPT index and Chironomidae index) calculated using eDNA at the genus-level resolution but the indices calculated using the Surber net survey data. Our results demonstrated that eDNA analysis with higher taxonomic resolution can provide as a more sensitive environmental assessment index than the traditional method that requires biotic samples.",2020-06-11,2021-04-18T10:17:30Z,2021-04-18T10:17:30Z,2021-04-18T10:17:26Z,e9176,NA,NA,8,NA,NA,NA,NA,NA,NA,NA,NA,NA,en,NA,NA,NA,NA,DOI.org (Crossref),NA,NA,NA,NA,NA,NA,NA,NA,NA,NA,NA,NA,NA,NA,NA,NA,NA,NA,NA,NA,NA,NA,NA,NA,NA,NA,NA,NA,NA,NA,NA,NA,NA,NA,NA,NA,NA,NA,NA,NA,NA,NA,NA,NA,NA,NA,NA,NA,NA,NA,NA,NA,NA
XIAO_2014_USE,SMS5IY3J,journalArticle,2014,"Xiao, Xi; Sogge, Hanne; Lagesen, Karin; Tooming-Klunderud, Ave; Jakobsen, Kjetill S.; Rohrlack, Thomas",Use of High Throughput Sequencing and Light Microscopy Show Contrasting Results in a Study of Phytoplankton Occurrence in a Freshwater Environment,PLOS ONE,NA,1932-6203,10.1371/journal.pone.0106510,https://dx.plos.org/10.1371/journal.pone.0106510,NA,2014-08-29,2021-04-18T10:17:30Z,2021-04-18T10:18:24Z,2021-04-18T10:17:30Z,e106510,NA,8,9,NA,PLoS ONE,NA,NA,NA,NA,NA,NA,NA,en,NA,NA,NA,NA,DOI.org (Crossref),NA,NA,NA,NA,NA,NA,NA,"Lovejoy, Connie",NA,NA,NA,NA,NA,NA,NA,NA,NA,NA,NA,NA,NA,NA,NA,NA,NA,NA,NA,NA,NA,NA,NA,NA,NA,NA,NA,NA,NA,NA,NA,NA,NA,NA,NA,NA,NA,NA,NA,NA,NA,NA,NA,NA,NA
SNYDER_2020_INC,5PCR4FKC,journalArticle,2020,"Snyder, Matthew R.; Stepien, Carol A.",Increasing confidence for discerning species and population compositions from metabarcoding assays of environmental samples: case studies of fishes in the Laurentian Great Lakes and Wabash River,Metabarcoding and Metagenomics,NA,2534-9708,10.3897/mbmg.4.53455,https://mbmg.pensoft.net/article/53455/,"Community composition data are essential for conservation management, facilitating identification of rare native and invasive species, along with abundant ones. However, traditional capture-based morphological surveys require considerable taxonomic expertise, are time consuming and expensive, can kill rare taxa and damage habitats, and often are prone to false negatives. Alternatively, metabarcoding assays can be used to assess the genetic identity and compositions of entire communities from environmental samples, comprising a more sensitive, less damaging, and relatively time- and cost-efficient approach. However, there is a trade-off between the stringency of bioinformatic filtering needed to remove false positives and the potential for false negatives. The present investigation thus evaluated use of four mitochondrial (mt) DNA metabarcoding assays and a customized bioinformatic Bioinformatic pipeline to increase confidence in species identifications by removing false positives, while achieving high detection probability. Positive controls were used to calculate sequencing error, and results that fell below those cutoff values were removed, unless found with multiple assays. The performance of this approach was tested to discern and identify North American freshwater fishes using lab experiments (mock communities and aquarium experiments) and processing of a bulk ichthyoplankton sample. The method then was applied to field environmental (e) DNA water samples taken concomitant with electrofishing surveys and morphological identifications. This protocol detected 100% of species present in concomitant electrofishing surveys in the Wabash River and an additional 21 that were absent from traditional sampling. Using single 1 L water samples collected from just four locations, the metabarcoding assays discerned 73% of the total fish species that were discerned during four months of an extensive electrofishing river survey in the Maumee River, along with an additional nine species. In both rivers, total fish species diversity was best resolved when all four metabarcoding assays were used together, which identified 35 additional species missed by electrofishing. Ecological distinction and diversity levels among the fish communities also were better resolved with the metabarcoding assays than with morphological sampling and identifications, especially using all four assays together. At the population-level, metabarcoding analyses targeting the invasive round goby               Neogobius melanostomus               and the silver carp               Hypophthalmichthys molitrix               identified all population haplotype variants found using Sanger sequencing of morphologically sampled fish, along with additional intra-specific diversity, meriting further investigation. Overall findings demonstrated that the use of multiple metabarcoding assays and custom bioinformatics that filter potential error from true positive detections improves confidence in evaluating biodiversity.",2020-08-26,2021-04-18T10:17:30Z,2021-04-18T10:17:30Z,2021-04-18T10:17:25Z,e53455,NA,NA,4,NA,MBMG,Increasing confidence for discerning species and population compositions from metabarcoding assays of environmental samples,NA,NA,NA,NA,NA,NA,NA,NA,NA,NA,NA,DOI.org (Crossref),NA,NA,NA,NA,NA,NA,NA,NA,NA,NA,NA,NA,NA,NA,NA,NA,NA,NA,NA,NA,NA,NA,NA,NA,NA,NA,NA,NA,NA,NA,NA,NA,NA,NA,NA,NA,NA,NA,NA,NA,NA,NA,NA,NA,NA,NA,NA,NA,NA,NA,NA,NA,NA
KIM_2020_BIO,HXKGR9Q3,journalArticle,2020,"Kim, Heesoo; Lee, Chang-Rae; Lee, Sang-kyu; Oh, Seung-Yoon; Kim, Won",Biodiversity and Community Structure of Mesozooplankton in the Marine and Coastal National Park Areas of Korea,Diversity,NA,1424-2818,10.3390/d12060233,https://www.mdpi.com/1424-2818/12/6/233,"Zooplankton communities are useful bioindicators that can provide information on the changes occurring in marine ecosystems. Therefore, investigation of zooplankton communities in marine and coastal national parks is essential. However, the surveys of zooplankton communities using morphological identification require considerable time and labor. Metabarcoding is a practical alternative that can detect various taxa simultaneously. In this study, metabarcoding was newly applied along with the traditional morphological identification to establish a method for zooplankton community survey in the Marine and Coastal National Park areas of Korea. By comparing the results of these two identification methods, the strengths and limitations of metabarcoding were verified with the zooplankton communities appearing in these areas. The sensitive detection capability of metabarcoding enabled the identification of potential bioindicator taxa associated with external factors (e.g., water temperature, salinity, topography, and chlorophyll a concentration) in these national parks. We propose the use of metabarcoding for efficient surveys of mesozooplankton communities in the Marine and Coastal National Parks to establish monitoring of bioindicator taxa. It is also necessary to continuously search for taxa with high research value in these national parks using metabarcoding. Establishing an ongoing monitoring system that employs this approach can provide an effective tool for managing marine ecosystems in the Marine and Coastal National Parks.",2020-06-10,2021-04-18T10:17:30Z,2021-04-18T10:17:30Z,2021-04-18T10:17:26Z,233,NA,6,12,NA,Diversity,NA,NA,NA,NA,NA,NA,NA,en,NA,NA,NA,NA,DOI.org (Crossref),NA,NA,NA,NA,NA,NA,NA,NA,NA,NA,NA,NA,NA,NA,NA,NA,NA,NA,NA,NA,NA,NA,NA,NA,NA,NA,NA,NA,NA,NA,NA,NA,NA,NA,NA,NA,NA,NA,NA,NA,NA,NA,NA,NA,NA,NA,NA,NA,NA,NA,NA,NA,NA
BERGER_2020_FIN,EC83MW8Z,journalArticle,2020,"Berger, Chloé Suzanne; Hernandez, Cecilia; Laporte, Martin; Côté, Guillaume; Paradis, Yves; Kameni T., Dominique W.; Normandeau, Eric; Bernatchez, Louis",Fine‐scale environmental heterogeneity shapes fluvial fish communities as revealed by eDNA metabarcoding,Environmental DNA,NA,"2637-4943, 2637-4943",10.1002/edn3.129,https://onlinelibrary.wiley.com/doi/10.1002/edn3.129,NA,2020-10,2021-04-18T10:17:31Z,2021-04-18T10:17:31Z,2021-04-18T10:17:31Z,647-666,NA,4,2,NA,Environmental DNA,NA,NA,NA,NA,NA,NA,NA,en,NA,NA,NA,NA,DOI.org (Crossref),NA,NA,NA,NA,NA,NA,NA,NA,NA,NA,NA,NA,NA,NA,NA,NA,NA,NA,NA,NA,NA,NA,NA,NA,NA,NA,NA,NA,NA,NA,NA,NA,NA,NA,NA,NA,NA,NA,NA,NA,NA,NA,NA,NA,NA,NA,NA,NA,NA,NA,NA,NA,NA
CLARKE_2017_EFF,CZQTF44X,journalArticle,2017,"Clarke, Laurence J.; Beard, Jason M.; Swadling, Kerrie M.; Deagle, Bruce E.",Effect of marker choice and thermal cycling protocol on zooplankton DNA metabarcoding studies,Ecology and Evolution,NA,20457758,10.1002/ece3.2667,http://doi.wiley.com/10.1002/ece3.2667,NA,2017-02,2021-04-18T10:17:31Z,2021-04-18T10:17:31Z,2021-04-18T10:17:28Z,873-883,NA,3,7,NA,Ecol Evol,NA,NA,NA,NA,NA,NA,NA,en,NA,NA,NA,NA,DOI.org (Crossref),NA,NA,NA,NA,NA,NA,NA,NA,NA,NA,NA,NA,NA,NA,NA,NA,NA,NA,NA,NA,NA,NA,NA,NA,NA,NA,NA,NA,NA,NA,NA,NA,NA,NA,NA,NA,NA,NA,NA,NA,NA,NA,NA,NA,NA,NA,NA,NA,NA,NA,NA,NA,NA
HUO_2020_COM,UZGL4CAY,journalArticle,2020,"Huo, Shouliang; Li, Xiaochuang; Xi, Beidou; Zhang, Hanxiao; Ma, Chunzi; He, Zhuoshi",Combining morphological and metabarcoding approaches reveals the freshwater eukaryotic phytoplankton community,Environmental Sciences Europe,NA,"2190-4707, 2190-4715",10.1186/s12302-020-00321-w,https://enveurope.springeropen.com/articles/10.1186/s12302-020-00321-w,"Abstract                            Background               Phytoplankton diversity can be difficult to ascertain from morphological analyses, because of the existence of cryptic species and pico- and concealed phytoplankton. In-depth sequencing and metabarcoding can reveal microbial diversity, and identify novel diversity. However, there has been little comparison of metabarcoding and morphological datasets derived from the same samples, and metabarcoding studies covering total eukaryotic phytoplankton diversity are rare. In this study, the variable V7 region of the 18S rDNA gene was employed to explore eukaryotic phytoplankton diversity in 11 Chinese freshwater environments, and further compared with the dataset obtained through morphological identification.                                         Results               Annotation by the evolutionary placement algorithm (EPA) rather than alignment with the SILVA database improved the taxonomic resolution, with 346 of 524 phytoplankton operational taxonomic units (OTUs) being assigned to the genus or species level. The number of unassigned OTUs was greatly reduced from 259 to 178 OTUs by using the EPA in place of the SILVA database. Metabarcoding detected 3.5 times more OTUs than the number of morphospecies revealed by morphological identification; furthermore, the number of species and the Shannon–Wiener index inferred from the two methods were correlated. A total of 34 genera were identified via both methods, while 31 and 123 genera were detected solely in the morphological or metabarcoding dataset, respectively.                                         Conclusion               The dbRDA plot showed distinct separation of the phytoplankton communities between lakes and reservoirs according to the metabarcoding dataset. The same pattern was obtained on the basis of 10 environmental variables in the PCO ordination plot, while the separation of the populations based on morphological data was poor. However, 30 morphospecies contributed 70% of the community difference between lakes and reservoirs in the morphological dataset, while 11 morphospecies were not found by metabarcoding. Considering the limitations of each of the two methods, their combination could substantially improve phytoplankton community assessment.",2020-12,2021-04-18T10:17:31Z,2021-04-18T10:17:31Z,2021-04-18T10:17:29Z,37,NA,1,32,NA,Environ Sci Eur,NA,NA,NA,NA,NA,NA,NA,en,NA,NA,NA,NA,DOI.org (Crossref),NA,NA,NA,NA,NA,NA,NA,NA,NA,NA,NA,NA,NA,NA,NA,NA,NA,NA,NA,NA,NA,NA,NA,NA,NA,NA,NA,NA,NA,NA,NA,NA,NA,NA,NA,NA,NA,NA,NA,NA,NA,NA,NA,NA,NA,NA,NA,NA,NA,NA,NA,NA,NA
MINEROVIC_2020_18S,D8YH3N2A,journalArticle,2020,"Minerovic, Alison D.; Potapova, Marina G.; Sales, Christopher M.; Price, Jacob R.; Enache, Mihaela D.",18S-V9 DNA metabarcoding detects the effect of water-quality impairment on stream biofilm eukaryotic assemblages,Ecological Indicators,NA,1470160X,10.1016/j.ecolind.2020.106225,https://linkinghub.elsevier.com/retrieve/pii/S1470160X2030162X,NA,2020-06,2021-04-18T10:17:31Z,2021-04-18T10:17:31Z,2021-04-18T10:17:31Z,106225,NA,NA,113,NA,Ecological Indicators,NA,NA,NA,NA,NA,NA,NA,en,NA,NA,NA,NA,DOI.org (Crossref),NA,NA,NA,NA,NA,NA,NA,NA,NA,NA,NA,NA,NA,NA,NA,NA,NA,NA,NA,NA,NA,NA,NA,NA,NA,NA,NA,NA,NA,NA,NA,NA,NA,NA,NA,NA,NA,NA,NA,NA,NA,NA,NA,NA,NA,NA,NA,NA,NA,NA,NA,NA,NA
SEMMOURI_2021_MET,ZFG3QIHA,journalArticle,2021,"Semmouri, Ilias; De Schamphelaere, Karel A C; Willemse, Stijn; Vandegehuchte, Michiel B; Janssen, Colin R; Asselman, Jana",Metabarcoding reveals hidden species and improves identification of marine zooplankton communities in the North Sea,ICES Journal of Marine Science,NA,"1054-3139, 1095-9289",10.1093/icesjms/fsaa256,https://academic.oup.com/icesjms/advance-article/doi/10.1093/icesjms/fsaa256/6154330,"Abstract             Although easily collected in large numbers, the subsequent processing and identification of zooplankton have usually been a barrier to large-scale biodiversity assessments. Therefore, DNA barcoding has been increasingly used by non-taxonomists to identify specimens. Here, we studied the community composition of zooplankton in the Belgian part of the North Sea over the course of 1 year. We identified zooplankton using both a traditional approach based on morphological characteristics and by metabarcoding of a 650 bp fragment of the V4-V5 region of the 18S rRNA gene using nanopore sequencing. Using long rDNA sequences, we were able to identify several taxa at the species level, across a broad taxonomic scale. Using both methods, we compared community composition and obtained diversity metrics. Diversity indices were not significantly correlated. Metabarcoding allowed for comparisons of diversity and community composition, but not all groups were successfully sequenced. Additionally, some disparities existed between relative abundances of the most abundant taxa based on traditional counts and those based on sequence reads. Overall, we conclude that for zooplankton samples, metabarcoding is capable of detecting taxa with a higher resolution, regardless of developmental stage of the organism. Combination of molecular and morphological methods results in the highest detection and identification levels of zooplankton.",2021-02-28,2021-04-18T10:17:31Z,2021-04-18T10:17:31Z,2021-04-18T10:17:31Z,fsaa256,NA,NA,NA,NA,NA,NA,NA,NA,NA,NA,NA,NA,en,NA,NA,NA,NA,DOI.org (Crossref),NA,NA,NA,NA,NA,NA,NA,"Fields, David",NA,NA,NA,NA,NA,NA,NA,NA,NA,NA,NA,NA,NA,NA,NA,NA,NA,NA,NA,NA,NA,NA,NA,NA,NA,NA,NA,NA,NA,NA,NA,NA,NA,NA,NA,NA,NA,NA,NA,NA,NA,NA,NA,NA,NA
THOMSEN_2012_DET,2QBPXMAZ,journalArticle,2012,"Thomsen, Philip Francis; Kielgast, Jos; Iversen, Lars Lønsmann; Møller, Peter Rask; Rasmussen, Morten; Willerslev, Eske",Detection of a Diverse Marine Fish Fauna Using Environmental DNA from Seawater Samples,PLOS ONE,NA,1932-6203,10.1371/journal.pone.0041732,https://dx.plos.org/10.1371/journal.pone.0041732,NA,2012-08-29,2021-04-18T10:17:32Z,2021-04-18T10:18:20Z,2021-04-18T10:17:31Z,e41732,NA,8,7,NA,PLoS ONE,NA,NA,NA,NA,NA,NA,NA,en,NA,NA,NA,NA,DOI.org (Crossref),NA,NA,NA,NA,NA,NA,NA,"Lin, Senjie",NA,NA,NA,NA,NA,NA,NA,NA,NA,NA,NA,NA,NA,NA,NA,NA,NA,NA,NA,NA,NA,NA,NA,NA,NA,NA,NA,NA,NA,NA,NA,NA,NA,NA,NA,NA,NA,NA,NA,NA,NA,NA,NA,NA,NA
GOUTTE_2020_MON,LZNY54L3,journalArticle,2020,"Goutte, Aurélie; Molbert, Noëlie; Guérin, Sabrina; Richoux, Robin; Rocher, Vincent","Monitoring freshwater fish communities in large rivers using environmental <span style=""font-variant:small-caps;"">DNA</span> metabarcoding and a long‐term electrofishing survey",Journal of Fish Biology,NA,"0022-1112, 1095-8649",10.1111/jfb.14383,https://onlinelibrary.wiley.com/doi/10.1111/jfb.14383,NA,2020-08,2021-04-18T10:17:32Z,2021-04-18T10:17:32Z,2021-04-18T10:17:32Z,444-452,NA,2,97,NA,J Fish Biol,"Monitoring freshwater fish communities in large rivers using environmental <span style=""font-variant",NA,NA,NA,NA,NA,NA,en,NA,NA,NA,NA,DOI.org (Crossref),NA,NA,NA,NA,NA,NA,NA,NA,NA,NA,NA,NA,NA,NA,NA,NA,NA,NA,NA,NA,NA,NA,NA,NA,NA,NA,NA,NA,NA,NA,NA,NA,NA,NA,NA,NA,NA,NA,NA,NA,NA,NA,NA,NA,NA,NA,NA,NA,NA,NA,NA,NA,NA
HAENEL_2017_NGS,QNSVI5XL,journalArticle,2017,"Haenel, Quiterie; Holovachov, Oleksandr; Jondelius, Ulf; Sundberg, Per; Bourlat, Sarah","NGS-based biodiversity and community structure analysis of meiofaunal eukaryotes in shell sand from Hållö island, Smögen, and soft mud from Gullmarn Fjord, Sweden",Biodiversity Data Journal,NA,"1314-2828, 1314-2836",10.3897/BDJ.5.e12731,http://bdj.pensoft.net/articles.php?id=12731,NA,2017-06-08,2021-04-18T10:17:32Z,2021-04-18T10:17:32Z,2021-04-18T10:17:32Z,e12731,NA,NA,5,NA,BDJ,NA,NA,NA,NA,NA,NA,NA,NA,NA,NA,NA,NA,DOI.org (Crossref),NA,NA,NA,NA,NA,NA,NA,NA,NA,NA,NA,NA,NA,NA,NA,NA,NA,NA,NA,NA,NA,NA,NA,NA,NA,NA,NA,NA,NA,NA,NA,NA,NA,NA,NA,NA,NA,NA,NA,NA,NA,NA,NA,NA,NA,NA,NA,NA,NA,NA,NA,NA,NA
PEREZ_2020_EVA,HRTU6F93,journalArticle,2020,"Pérez-Burillo, Javier; Trobajo, Rosa; Vasselon, Valentin; Rimet, Frédéric; Bouchez, Agnès; Mann, David G.",Evaluation and sensitivity analysis of diatom DNA metabarcoding for WFD bioassessment of Mediterranean rivers,Science of The Total Environment,NA,489697,10.1016/j.scitotenv.2020.138445,https://linkinghub.elsevier.com/retrieve/pii/S0048969720319586,NA,2020-07,2021-04-18T10:17:32Z,2021-04-18T10:17:32Z,2021-04-18T10:17:32Z,138445,NA,NA,727,NA,Science of The Total Environment,NA,NA,NA,NA,NA,NA,NA,en,NA,NA,NA,NA,DOI.org (Crossref),NA,NA,NA,NA,NA,NA,NA,NA,NA,NA,NA,NA,NA,NA,NA,NA,NA,NA,NA,NA,NA,NA,NA,NA,NA,NA,NA,NA,NA,NA,NA,NA,NA,NA,NA,NA,NA,NA,NA,NA,NA,NA,NA,NA,NA,NA,NA,NA,NA,NA,NA,NA,NA
NICHOLS_2019_RAP,GL5VPK5F,journalArticle,2019,"Nichols, Patrick K.; Marko, Peter B.",Rapid assessment of coral cover from environmental DNA in Hawai'i,Environmental DNA,NA,"2637-4943, 2637-4943",10.1002/edn3.8,https://onlinelibrary.wiley.com/doi/abs/10.1002/edn3.8,NA,2019-05,2021-04-18T10:17:33Z,2021-04-18T10:17:33Z,2021-04-18T10:17:29Z,40-53,NA,1,1,NA,Environmental DNA,NA,NA,NA,NA,NA,NA,NA,en,NA,NA,NA,NA,DOI.org (Crossref),NA,NA,NA,NA,NA,NA,NA,NA,NA,NA,NA,NA,NA,NA,NA,NA,NA,NA,NA,NA,NA,NA,NA,NA,NA,NA,NA,NA,NA,NA,NA,NA,NA,NA,NA,NA,NA,NA,NA,NA,NA,NA,NA,NA,NA,NA,NA,NA,NA,NA,NA,NA,NA
MORA_2019_MOR,XLKQPQMN,journalArticle,2019,"Mora, Demetrio; Abarca, Nélida; Proft, Sebastian; Grau, José H.; Enke, Neela; Carmona, Javier; Skibbe, Oliver; Jahn, Regine; Zimmermann, Jonas",Morphology and metabarcoding: a test with stream diatoms from Mexico highlights the complementarity of identification methods,Freshwater Science,NA,"2161-9549, 2161-9565",10.1086/704827,https://www.journals.uchicago.edu/doi/10.1086/704827,NA,2019-09,2021-04-18T10:17:33Z,2021-04-18T10:17:33Z,2021-04-18T10:17:29Z,448-464,NA,3,38,NA,Freshwater Science,Morphology and metabarcoding,NA,NA,NA,NA,NA,NA,en,NA,NA,NA,NA,DOI.org (Crossref),NA,NA,NA,NA,NA,NA,NA,NA,NA,NA,NA,NA,NA,NA,NA,NA,NA,NA,NA,NA,NA,NA,NA,NA,NA,NA,NA,NA,NA,NA,NA,NA,NA,NA,NA,NA,NA,NA,NA,NA,NA,NA,NA,NA,NA,NA,NA,NA,NA,NA,NA,NA,NA
SARD_2019_COM,Y7ULB7QF,journalArticle,2019,"Sard, Nicholas M.; Herbst, Seth J.; Nathan, Lucas; Uhrig, Genelle; Kanefsky, Jeannette; Robinson, John D.; Scribner, Kim T.","Comparison of fish detections, community diversity, and relative abundance using environmental DNA metabarcoding and traditional gears",Environmental DNA,NA,"2637-4943, 2637-4943",10.1002/edn3.38,https://onlinelibrary.wiley.com/doi/abs/10.1002/edn3.38,NA,2019-11,2021-04-18T10:17:33Z,2021-04-18T10:17:33Z,2021-04-18T10:17:30Z,368-384,NA,4,1,NA,Environmental DNA,NA,NA,NA,NA,NA,NA,NA,en,NA,NA,NA,NA,DOI.org (Crossref),NA,NA,NA,NA,NA,NA,NA,NA,NA,NA,NA,NA,NA,NA,NA,NA,NA,NA,NA,NA,NA,NA,NA,NA,NA,NA,NA,NA,NA,NA,NA,NA,NA,NA,NA,NA,NA,NA,NA,NA,NA,NA,NA,NA,NA,NA,NA,NA,NA,NA,NA,NA,NA
AYLAGAS_2018_ADA,7QVCBMIE,journalArticle,2018,"Aylagas, Eva; Borja, Ángel; Muxika, Iñigo; Rodríguez-Ezpeleta, Naiara",Adapting metabarcoding-based benthic biomonitoring into routine marine ecological status assessment networks,Ecological Indicators,NA,1470160X,10.1016/j.ecolind.2018.07.044,https://linkinghub.elsevier.com/retrieve/pii/S1470160X18305776,NA,2018-12,2021-04-18T10:17:33Z,2021-04-18T10:17:33Z,2021-04-18T10:17:33Z,194-202,NA,NA,95,NA,Ecological Indicators,NA,NA,NA,NA,NA,NA,NA,en,NA,NA,NA,NA,DOI.org (Crossref),NA,NA,NA,NA,NA,NA,NA,NA,NA,NA,NA,NA,NA,NA,NA,NA,NA,NA,NA,NA,NA,NA,NA,NA,NA,NA,NA,NA,NA,NA,NA,NA,NA,NA,NA,NA,NA,NA,NA,NA,NA,NA,NA,NA,NA,NA,NA,NA,NA,NA,NA,NA,NA
BYLEMANS_2018_MON,AL4CCNM4,journalArticle,2018,"Bylemans, Jonas; Gleeson, Dianne M.; Lintermans, Mark; Hardy, Christopher M.; Beitzel, Matthew; Gilligan, Dean M.; Furlan, Elise M.",Monitoring riverine fish communities through eDNA metabarcoding: determining optimal sampling strategies along an altitudinal and biodiversity gradient,Metabarcoding and Metagenomics,NA,2534-9708,10.3897/mbmg.2.30457,https://mbmg.pensoft.net/article/30457/,"Monitoring aquatic biodiversity through DNA extracted from environmental samples (eDNA) combined with high-throughput sequencing, commonly referred to as eDNA metabarcoding, is increasing in popularity within the scientific community. However, sampling strategies, laboratory protocols and analytical pipelines can influence the results of eDNA metabarcoding surveys. While the impact of laboratory protocols and analytical pipelines have been extensively studied, the importance of sampling strategies on eDNA metabarcoding surveys has not received the same attention. To avoid underestimating local biodiversity, adequate sampling strategies (i.e. sampling intensity and spatial sampling replication) need to be implemented. This study evaluated the impact of sampling strategies along an altitudinal and biodiversity gradient in the upper section of the Murrumbidgee River (Murray-Darling Basin, Australia). An eDNA metabarcoding survey was used to determine the local fish biodiversity and evaluate the influence of sampling intensity and spatial sampling replication on the biodiversity estimates. The results show that optimal eDNA sampling strategies varied between sites and indicate that river morphology, species richness and species abundance affect the optimal sampling intensity and spatial sampling replication needed to accurately assess the fish biodiversity. While the generality of the patterns will need to be confirmed through future studies, these findings provide a basis to guide future eDNA metabarcoding surveys in river systems.",2018-12-31,2021-04-18T10:17:34Z,2021-04-18T10:17:34Z,2021-04-18T10:17:33Z,e30457,NA,NA,2,NA,MBMG,Monitoring riverine fish communities through eDNA metabarcoding,NA,NA,NA,NA,NA,NA,NA,NA,NA,NA,NA,DOI.org (Crossref),NA,NA,NA,NA,NA,NA,NA,NA,NA,NA,NA,NA,NA,NA,NA,NA,NA,NA,NA,NA,NA,NA,NA,NA,NA,NA,NA,NA,NA,NA,NA,NA,NA,NA,NA,NA,NA,NA,NA,NA,NA,NA,NA,NA,NA,NA,NA,NA,NA,NA,NA,NA,NA
HIRAI_2015_EFF,255GF9FU,journalArticle,2015,"Hirai, Junya; Yasuike, Motoshige; Fujiwara, Atushi; Nakamura, Yoji; Hamaoka, Soshi; Katakura, Seiji; Takano, Yoshihito; Nagai, Satoshi",Effects of plankton net characteristics on metagenetic community analysis of metazoan zooplankton in a coastal marine ecosystem,Journal of Experimental Marine Biology and Ecology,NA,220981,10.1016/j.jembe.2015.04.011,https://linkinghub.elsevier.com/retrieve/pii/S0022098115000994,NA,2015-08,2021-04-18T10:17:34Z,2021-04-18T10:17:34Z,2021-04-18T10:17:30Z,36-43,NA,NA,469,NA,Journal of Experimental Marine Biology and Ecology,NA,NA,NA,NA,NA,NA,NA,en,NA,NA,NA,NA,DOI.org (Crossref),NA,NA,NA,NA,NA,NA,NA,NA,NA,NA,NA,NA,NA,NA,NA,NA,NA,NA,NA,NA,NA,NA,NA,NA,NA,NA,NA,NA,NA,NA,NA,NA,NA,NA,NA,NA,NA,NA,NA,NA,NA,NA,NA,NA,NA,NA,NA,NA,NA,NA,NA,NA,NA
CILLEROS_2018_UNL,BJCEH4DZ,journalArticle,2019,"Cilleros, Kévin; Valentini, Alice; Allard, Luc; Dejean, Tony; Etienne, Roselyne; Grenouillet, Gaël; Iribar, Amaia; Taberlet, Pierre; Vigouroux, Régis; Brosse, Sébastien",Unlocking biodiversity and conservation studies in high‐diversity environments using environmental DNA (eDNA): A test with Guianese freshwater fishes,Molecular Ecology Resources,NA,"1755-098X, 1755-0998",10.1111/1755-0998.12900,https://onlinelibrary.wiley.com/doi/abs/10.1111/1755-0998.12900,NA,2019-01,2021-04-18T10:17:34Z,2021-04-18T10:17:34Z,2021-04-18T10:17:34Z,27-46,NA,1,19,NA,Mol Ecol Resour,Unlocking biodiversity and conservation studies in high‐diversity environments using environmental DNA (eDNA),NA,NA,NA,NA,NA,NA,en,NA,NA,NA,NA,DOI.org (Crossref),NA,NA,NA,NA,NA,NA,NA,NA,NA,NA,NA,NA,NA,NA,NA,NA,NA,NA,NA,NA,NA,NA,NA,NA,NA,NA,NA,NA,NA,NA,NA,NA,NA,NA,NA,NA,NA,NA,NA,NA,NA,NA,NA,NA,NA,NA,NA,NA,NA,NA,NA,NA,NA
SHAW_2016_COM,6EXBMTFL,journalArticle,2016,"Shaw, Jennifer L.A.; Clarke, Laurence J.; Wedderburn, Scotte D.; Barnes, Thomas C.; Weyrich, Laura S.; Cooper, Alan",Comparison of environmental DNA metabarcoding and conventional fish survey methods in a river system,Biological Conservation,NA,63207,10.1016/j.biocon.2016.03.010,https://linkinghub.elsevier.com/retrieve/pii/S000632071630088X,NA,2016-05,2021-04-18T10:17:34Z,2021-04-18T10:17:34Z,2021-04-18T10:17:30Z,131-138,NA,NA,197,NA,Biological Conservation,NA,NA,NA,NA,NA,NA,NA,en,NA,NA,NA,NA,DOI.org (Crossref),NA,NA,NA,NA,NA,NA,NA,NA,NA,NA,NA,NA,NA,NA,NA,NA,NA,NA,NA,NA,NA,NA,NA,NA,NA,NA,NA,NA,NA,NA,NA,NA,NA,NA,NA,NA,NA,NA,NA,NA,NA,NA,NA,NA,NA,NA,NA,NA,NA,NA,NA,NA,NA
OKA_2021_ENV,PTMFEKE5,journalArticle,2021,"Oka, Shin‐ichiro; Doi, Hideyuki; Miyamoto, Kei; Hanahara, Nozomi; Sado, Tetsuya; Miya, Masaki",Environmental DNA metabarcoding for biodiversity monitoring of a highly diverse tropical fish community in a coral reef lagoon: Estimation of species richness and detection of habitat segregation,Environmental DNA,NA,"2637-4943, 2637-4943",10.1002/edn3.132,https://onlinelibrary.wiley.com/doi/10.1002/edn3.132,NA,2021-01,2021-04-18T10:17:35Z,2021-04-18T10:17:35Z,2021-04-18T10:17:31Z,55-69,NA,1,3,NA,Environmental DNA,Environmental DNA metabarcoding for biodiversity monitoring of a highly diverse tropical fish community in a coral reef lagoon,NA,NA,NA,NA,NA,NA,en,NA,NA,NA,NA,DOI.org (Crossref),NA,NA,NA,NA,NA,NA,NA,NA,NA,NA,NA,NA,NA,NA,NA,NA,NA,NA,NA,NA,NA,NA,NA,NA,NA,NA,NA,NA,NA,NA,NA,NA,NA,NA,NA,NA,NA,NA,NA,NA,NA,NA,NA,NA,NA,NA,NA,NA,NA,NA,NA,NA,NA
HARPER_2020_ASS,YXBQALAZ,journalArticle,2020,"Harper, Lynsey R.; Lawson Handley, Lori; Sayer, Carl D.; Read, Daniel S.; Benucci, Marco; Blackman, Rosetta C.; Hill, Matthew J.; Hänfling, Bernd",Assessing the impact of the threatened crucian carp ( <i>Carassius carassius</i> ) on pond invertebrate diversity: A comparison of conventional and molecular tools,Molecular Ecology,NA,"0962-1083, 1365-294X",10.1111/mec.15670,https://onlinelibrary.wiley.com/doi/10.1111/mec.15670,NA,2020-10-24,2021-04-18T10:17:35Z,2021-04-18T10:17:35Z,2021-04-18T10:17:32Z,mec.15670,NA,NA,NA,NA,Mol Ecol,Assessing the impact of the threatened crucian carp ( <i>Carassius carassius</i> ) on pond invertebrate diversity,NA,NA,NA,NA,NA,NA,en,NA,NA,NA,NA,DOI.org (Crossref),NA,NA,NA,NA,NA,NA,NA,NA,NA,NA,NA,NA,NA,NA,NA,NA,NA,NA,NA,NA,NA,NA,NA,NA,NA,NA,NA,NA,NA,NA,NA,NA,NA,NA,NA,NA,NA,NA,NA,NA,NA,NA,NA,NA,NA,NA,NA,NA,NA,NA,NA,NA,NA
DOBLE_2020_TES,R5CSEJXV,journalArticle,2020,"Doble, Christopher J.; Hipperson, Helen; Salzburger, Walter; Horsburgh, Gavin J.; Mwita, Chacha; Murrell, David J.; Day, Julia J.",Testing the performance of environmental DNA metabarcoding for surveying highly diverse tropical fish communities: A case study from Lake Tanganyika,Environmental DNA,NA,"2637-4943, 2637-4943",10.1002/edn3.43,https://onlinelibrary.wiley.com/doi/abs/10.1002/edn3.43,NA,2020-01,2021-04-18T10:17:35Z,2021-04-18T10:17:35Z,2021-04-18T10:17:32Z,24-41,NA,1,2,NA,Environmental DNA,Testing the performance of environmental DNA metabarcoding for surveying highly diverse tropical fish communities,NA,NA,NA,NA,NA,NA,en,NA,NA,NA,NA,DOI.org (Crossref),NA,NA,NA,NA,NA,NA,NA,NA,NA,NA,NA,NA,NA,NA,NA,NA,NA,NA,NA,NA,NA,NA,NA,NA,NA,NA,NA,NA,NA,NA,NA,NA,NA,NA,NA,NA,NA,NA,NA,NA,NA,NA,NA,NA,NA,NA,NA,NA,NA,NA,NA,NA,NA
BOIVIN‐DELISLE_2021_USI,N92HNBZD,journalArticle,2021,"Boivin‐Delisle, Damien; Laporte, Martin; Burton, Frédéric; Dion, René; Normandeau, Eric; Bernatchez, Louis",Using environmental DNA for biomonitoring of freshwater fish communities: Comparison with established gillnet surveys in a boreal hydroelectric impoundment,Environmental DNA,NA,"2637-4943, 2637-4943",10.1002/edn3.135,https://onlinelibrary.wiley.com/doi/10.1002/edn3.135,NA,2021-01,2021-04-18T10:17:36Z,2021-04-18T10:17:36Z,2021-04-18T10:17:32Z,105-120,NA,1,3,NA,Environmental DNA,Using environmental DNA for biomonitoring of freshwater fish communities,NA,NA,NA,NA,NA,NA,en,NA,NA,NA,NA,DOI.org (Crossref),NA,NA,NA,NA,NA,NA,NA,NA,NA,NA,NA,NA,NA,NA,NA,NA,NA,NA,NA,NA,NA,NA,NA,NA,NA,NA,NA,NA,NA,NA,NA,NA,NA,NA,NA,NA,NA,NA,NA,NA,NA,NA,NA,NA,NA,NA,NA,NA,NA,NA,NA,NA,NA
EILER_2013_UNV,5Y8X8CJE,journalArticle,2013,"Eiler, Alexander; Drakare, Stina; Bertilsson, Stefan; Pernthaler, Jakob; Peura, Sari; Rofner, Carina; Simek, Karel; Yang, Yang; Znachor, Petr; Lindström, Eva S.",Unveiling Distribution Patterns of Freshwater Phytoplankton by a Next Generation Sequencing Based Approach,PLoS ONE,,1932-6203,10.1371/journal.pone.0053516,https://dx.plos.org/10.1371/journal.pone.0053516,,2013-01-22,2021-05-12 13:13:45,2021-05-12 13:13:45,2021-05-12 13:13:45,e53516,,1,8,,PLoS ONE,,,,,,,,en,,,,,DOI.org (Crossref),,,,,,,,"De Smet, Ive",,,,,,,,,,,,,,,,,,,,,,,,,,,,,,,,,,,,,,,,,,,,,
